,azimuth,elevation,radius
0,0.0,-90.0,1.2
1,0.0,-81.0,1.2
2,0.0,-75.0,1.2
3,0.0,-64.8,1.2
4,0.0,-60.0,1.2
5,0.0,-54.0,1.2
6,0.0,-45.0,1.2
7,0.0,-35.3,1.2
8,0.0,-30.0,1.2
9,0.0,-25.0,1.2
10,0.0,-17.5,1.2
11,0.0,-15.0,1.2
12,0.0,0.0,1.2
13,0.0,15.0,1.2
14,0.0,17.5,1.2
15,0.0,25.0,1.2
16,0.0,30.0,1.2
17,0.0,35.3,1.2
18,0.0,45.0,1.2
19,0.0,54.0,1.2
20,0.0,60.0,1.2
21,0.0,64.8,1.2
22,0.0,75.0,1.2
23,0.0,90.0,1.2
24,5.0,-81.0,1.2
25,5.0,-75.0,1.2
26,5.0,-64.8,1.2
27,5.0,-60.0,1.2
28,5.0,-54.0,1.2
29,5.0,-45.0,1.2
30,5.0,-35.3,1.2
31,5.0,-30.0,1.2
32,5.0,-25.0,1.2
33,5.0,-17.5,1.2
34,5.0,-15.0,1.2
35,5.0,0.0,1.2
36,5.0,15.0,1.2
37,5.0,17.5,1.2
38,5.0,25.0,1.2
39,5.0,30.0,1.2
40,5.0,35.3,1.2
41,5.0,45.0,1.2
42,5.0,54.0,1.2
43,5.0,60.0,1.2
44,5.0,64.8,1.2
45,5.0,75.0,1.2
46,10.0,-81.0,1.2
47,10.0,-75.0,1.2
48,10.0,-64.8,1.2
49,10.0,-60.0,1.2
50,10.0,-54.0,1.2
51,10.0,-45.0,1.2
52,10.0,-35.3,1.2
53,10.0,-30.0,1.2
54,10.0,-25.0,1.2
55,10.0,-17.5,1.2
56,10.0,-15.0,1.2
57,10.0,0.0,1.2
58,10.0,15.0,1.2
59,10.0,17.5,1.2
60,10.0,25.0,1.2
61,10.0,30.0,1.2
62,10.0,35.3,1.2
63,10.0,45.0,1.2
64,10.0,54.0,1.2
65,10.0,60.0,1.2
66,10.0,64.8,1.2
67,10.0,75.0,1.2
68,12.799999999999997,-64.8,1.2
69,12.799999999999997,-35.3,1.2
70,12.799999999999997,-17.5,1.2
71,12.799999999999997,17.5,1.2
72,12.799999999999997,35.3,1.2
73,12.799999999999997,64.8,1.2
74,12.800000000000011,-81.0,1.2
75,12.800000000000011,-54.0,1.2
76,12.800000000000011,-25.0,1.2
77,12.800000000000011,25.0,1.2
78,12.800000000000011,54.0,1.2
79,13.3,-75.0,1.2
80,13.3,-60.0,1.2
81,13.3,-45.0,1.2
82,13.3,-30.0,1.2
83,13.3,-15.0,1.2
84,13.3,0.0,1.2
85,13.3,15.0,1.2
86,13.3,30.0,1.2
87,13.3,45.0,1.2
88,13.3,60.0,1.2
89,13.3,75.0,1.2
90,13.300000000000011,-81.0,1.2
91,13.300000000000011,-54.0,1.2
92,13.300000000000011,-25.0,1.2
93,13.300000000000011,25.0,1.2
94,13.300000000000011,54.0,1.2
95,15.0,-81.0,1.2
96,15.0,-75.0,1.2
97,15.0,-64.8,1.2
98,15.0,-60.0,1.2
99,15.0,-54.0,1.2
100,15.0,-45.0,1.2
101,15.0,-35.3,1.2
102,15.0,-30.0,1.2
103,15.0,-25.0,1.2
104,15.0,-17.5,1.2
105,15.0,-15.0,1.2
106,15.0,0.0,1.2
107,15.0,15.0,1.2
108,15.0,17.5,1.2
109,15.0,25.0,1.2
110,15.0,30.0,1.2
111,15.0,35.3,1.2
112,15.0,45.0,1.2
113,15.0,54.0,1.2
114,15.0,60.0,1.2
115,15.0,64.8,1.2
116,15.0,75.0,1.2
117,17.1,-64.8,1.2
118,17.1,-35.3,1.2
119,17.1,-17.5,1.2
120,17.1,17.5,1.2
121,17.1,35.3,1.2
122,17.1,64.8,1.2
123,17.100000000000023,-81.0,1.2
124,17.100000000000023,-54.0,1.2
125,17.100000000000023,-25.0,1.2
126,17.100000000000023,25.0,1.2
127,17.100000000000023,54.0,1.2
128,18.0,-64.8,1.2
129,18.0,-35.3,1.2
130,18.0,-17.5,1.2
131,18.0,17.5,1.2
132,18.0,35.3,1.2
133,18.0,64.8,1.2
134,18.399999999999977,-81.0,1.2
135,18.399999999999977,-54.0,1.2
136,18.399999999999977,-25.0,1.2
137,18.399999999999977,25.0,1.2
138,18.399999999999977,54.0,1.2
139,18.4,-64.8,1.2
140,18.4,-35.3,1.2
141,18.4,-17.5,1.2
142,18.4,17.5,1.2
143,18.4,35.3,1.2
144,18.4,64.8,1.2
145,19.0,-81.0,1.2
146,19.0,-64.8,1.2
147,19.0,-54.0,1.2
148,19.0,-35.3,1.2
149,19.0,-25.0,1.2
150,19.0,-17.5,1.2
151,19.0,17.5,1.2
152,19.0,25.0,1.2
153,19.0,35.3,1.2
154,19.0,54.0,1.2
155,19.0,64.8,1.2
156,20.0,-81.0,1.2
157,20.0,-75.0,1.2
158,20.0,-64.8,1.2
159,20.0,-60.0,1.2
160,20.0,-54.0,1.2
161,20.0,-45.0,1.2
162,20.0,-35.3,1.2
163,20.0,-30.0,1.2
164,20.0,-25.0,1.2
165,20.0,-17.5,1.2
166,20.0,-15.0,1.2
167,20.0,0.0,1.2
168,20.0,15.0,1.2
169,20.0,17.5,1.2
170,20.0,25.0,1.2
171,20.0,30.0,1.2
172,20.0,35.3,1.2
173,20.0,45.0,1.2
174,20.0,54.0,1.2
175,20.0,60.0,1.2
176,20.0,64.8,1.2
177,20.0,75.0,1.2
178,20.9,-75.0,1.2
179,20.9,-60.0,1.2
180,20.9,-45.0,1.2
181,20.9,-30.0,1.2
182,20.9,-15.0,1.2
183,20.9,0.0,1.2
184,20.9,15.0,1.2
185,20.9,30.0,1.2
186,20.9,45.0,1.2
187,20.9,60.0,1.2
188,20.9,75.0,1.2
189,24.100000000000023,-81.0,1.2
190,24.100000000000023,-54.0,1.2
191,24.100000000000023,-25.0,1.2
192,24.100000000000023,25.0,1.2
193,24.100000000000023,54.0,1.2
194,25.0,-81.0,1.2
195,25.0,-75.0,1.2
196,25.0,-64.8,1.2
197,25.0,-60.0,1.2
198,25.0,-54.0,1.2
199,25.0,-45.0,1.2
200,25.0,-35.3,1.2
201,25.0,-30.0,1.2
202,25.0,-25.0,1.2
203,25.0,-17.5,1.2
204,25.0,-15.0,1.2
205,25.0,0.0,1.2
206,25.0,15.0,1.2
207,25.0,17.5,1.2
208,25.0,25.0,1.2
209,25.0,30.0,1.2
210,25.0,35.3,1.2
211,25.0,45.0,1.2
212,25.0,54.0,1.2
213,25.0,60.0,1.2
214,25.0,64.8,1.2
215,25.0,75.0,1.2
216,26.0,-75.0,1.2
217,26.0,-60.0,1.2
218,26.0,-45.0,1.2
219,26.0,-30.0,1.2
220,26.0,-15.0,1.2
221,26.0,0.0,1.2
222,26.0,15.0,1.2
223,26.0,30.0,1.2
224,26.0,45.0,1.2
225,26.0,60.0,1.2
226,26.0,75.0,1.2
227,26.6,-75.0,1.2
228,26.6,-60.0,1.2
229,26.6,-45.0,1.2
230,26.6,-30.0,1.2
231,26.6,-15.0,1.2
232,26.6,0.0,1.2
233,26.6,15.0,1.2
234,26.6,30.0,1.2
235,26.6,45.0,1.2
236,26.6,60.0,1.2
237,26.6,75.0,1.2
238,27.0,-75.0,1.2
239,27.0,-60.0,1.2
240,27.0,-45.0,1.2
241,27.0,-30.0,1.2
242,27.0,-15.0,1.2
243,27.0,0.0,1.2
244,27.0,15.0,1.2
245,27.0,30.0,1.2
246,27.0,45.0,1.2
247,27.0,60.0,1.2
248,27.0,75.0,1.2
249,27.9,-75.0,1.2
250,27.9,-60.0,1.2
251,27.9,-45.0,1.2
252,27.9,-30.0,1.2
253,27.9,-15.0,1.2
254,27.9,0.0,1.2
255,27.9,15.0,1.2
256,27.9,30.0,1.2
257,27.9,45.0,1.2
258,27.9,60.0,1.2
259,27.9,75.0,1.2
260,30.0,-81.0,1.2
261,30.0,-75.0,1.2
262,30.0,-64.8,1.2
263,30.0,-60.0,1.2
264,30.0,-54.0,1.2
265,30.0,-45.0,1.2
266,30.0,-35.3,1.2
267,30.0,-30.0,1.2
268,30.0,-25.0,1.2
269,30.0,-17.5,1.2
270,30.0,-15.0,1.2
271,30.0,0.0,1.2
272,30.0,15.0,1.2
273,30.0,17.5,1.2
274,30.0,25.0,1.2
275,30.0,30.0,1.2
276,30.0,35.3,1.2
277,30.0,45.0,1.2
278,30.0,54.0,1.2
279,30.0,60.0,1.2
280,30.0,64.8,1.2
281,30.0,75.0,1.2
282,31.69999999999999,-81.0,1.2
283,31.69999999999999,-54.0,1.2
284,31.69999999999999,-25.0,1.2
285,31.69999999999999,25.0,1.2
286,31.69999999999999,54.0,1.2
287,31.7,-75.0,1.2
288,31.7,-60.0,1.2
289,31.7,-45.0,1.2
290,31.7,-30.0,1.2
291,31.7,-15.0,1.2
292,31.7,0.0,1.2
293,31.7,15.0,1.2
294,31.7,30.0,1.2
295,31.7,45.0,1.2
296,31.7,60.0,1.2
297,31.7,75.0,1.2
298,31.700000000000003,-64.8,1.2
299,31.700000000000003,-35.3,1.2
300,31.700000000000003,-17.5,1.2
301,31.700000000000003,17.5,1.2
302,31.700000000000003,35.3,1.2
303,31.700000000000003,64.8,1.2
304,32.3,-75.0,1.2
305,32.3,-60.0,1.2
306,32.3,-45.0,1.2
307,32.3,-30.0,1.2
308,32.3,-15.0,1.2
309,32.3,0.0,1.2
310,32.3,15.0,1.2
311,32.3,30.0,1.2
312,32.3,45.0,1.2
313,32.3,60.0,1.2
314,32.3,75.0,1.2
315,35.0,-81.0,1.2
316,35.0,-75.0,1.2
317,35.0,-64.8,1.2
318,35.0,-60.0,1.2
319,35.0,-54.0,1.2
320,35.0,-45.0,1.2
321,35.0,-35.3,1.2
322,35.0,-30.0,1.2
323,35.0,-25.0,1.2
324,35.0,-17.5,1.2
325,35.0,-15.0,1.2
326,35.0,0.0,1.2
327,35.0,15.0,1.2
328,35.0,17.5,1.2
329,35.0,25.0,1.2
330,35.0,30.0,1.2
331,35.0,35.3,1.2
332,35.0,45.0,1.2
333,35.0,54.0,1.2
334,35.0,60.0,1.2
335,35.0,64.8,1.2
336,35.0,75.0,1.2
337,36.0,-81.0,1.2
338,36.0,-54.0,1.2
339,36.0,-25.0,1.2
340,36.0,25.0,1.2
341,36.0,54.0,1.2
342,40.0,-81.0,1.2
343,40.0,-75.0,1.2
344,40.0,-64.8,1.2
345,40.0,-60.0,1.2
346,40.0,-54.0,1.2
347,40.0,-45.0,1.2
348,40.0,-35.3,1.2
349,40.0,-30.0,1.2
350,40.0,-25.0,1.2
351,40.0,-17.5,1.2
352,40.0,-15.0,1.2
353,40.0,0.0,1.2
354,40.0,15.0,1.2
355,40.0,17.5,1.2
356,40.0,25.0,1.2
357,40.0,30.0,1.2
358,40.0,35.3,1.2
359,40.0,45.0,1.2
360,40.0,54.0,1.2
361,40.0,60.0,1.2
362,40.0,64.8,1.2
363,40.0,75.0,1.2
364,45.0,-81.0,1.2
365,45.0,-75.0,1.2
366,45.0,-64.8,1.2
367,45.0,-60.0,1.2
368,45.0,-54.0,1.2
369,45.0,-45.0,1.2
370,45.0,-35.3,1.2
371,45.0,-30.0,1.2
372,45.0,-25.0,1.2
373,45.0,-17.5,1.2
374,45.0,-15.0,1.2
375,45.0,0.0,1.2
376,45.0,15.0,1.2
377,45.0,17.5,1.2
378,45.0,25.0,1.2
379,45.0,30.0,1.2
380,45.0,35.3,1.2
381,45.0,45.0,1.2
382,45.0,54.0,1.2
383,45.0,60.0,1.2
384,45.0,64.8,1.2
385,45.0,75.0,1.2
386,50.0,-81.0,1.2
387,50.0,-75.0,1.2
388,50.0,-64.8,1.2
389,50.0,-60.0,1.2
390,50.0,-54.0,1.2
391,50.0,-45.0,1.2
392,50.0,-35.3,1.2
393,50.0,-30.0,1.2
394,50.0,-25.0,1.2
395,50.0,-17.5,1.2
396,50.0,-15.0,1.2
397,50.0,0.0,1.2
398,50.0,15.0,1.2
399,50.0,17.5,1.2
400,50.0,25.0,1.2
401,50.0,30.0,1.2
402,50.0,35.3,1.2
403,50.0,45.0,1.2
404,50.0,54.0,1.2
405,50.0,60.0,1.2
406,50.0,64.8,1.2
407,50.0,75.0,1.2
408,54.0,-64.8,1.2
409,54.0,-35.3,1.2
410,54.0,-17.5,1.2
411,54.0,17.5,1.2
412,54.0,35.3,1.2
413,54.0,64.8,1.2
414,55.0,-81.0,1.2
415,55.0,-75.0,1.2
416,55.0,-64.8,1.2
417,55.0,-60.0,1.2
418,55.0,-54.0,1.2
419,55.0,-45.0,1.2
420,55.0,-35.3,1.2
421,55.0,-30.0,1.2
422,55.0,-25.0,1.2
423,55.0,-17.5,1.2
424,55.0,-15.0,1.2
425,55.0,0.0,1.2
426,55.0,15.0,1.2
427,55.0,17.5,1.2
428,55.0,25.0,1.2
429,55.0,30.0,1.2
430,55.0,35.3,1.2
431,55.0,45.0,1.2
432,55.0,54.0,1.2
433,55.0,60.0,1.2
434,55.0,64.8,1.2
435,55.0,75.0,1.2
436,57.8,-75.0,1.2
437,57.8,-60.0,1.2
438,57.8,-45.0,1.2
439,57.8,-30.0,1.2
440,57.8,-15.0,1.2
441,57.8,0.0,1.2
442,57.8,15.0,1.2
443,57.8,30.0,1.2
444,57.8,45.0,1.2
445,57.8,60.0,1.2
446,57.8,75.0,1.2
447,58.3,-81.0,1.2
448,58.3,-64.8,1.2
449,58.3,-54.0,1.2
450,58.3,-35.3,1.2
451,58.3,-25.0,1.2
452,58.3,-17.5,1.2
453,58.3,17.5,1.2
454,58.3,25.0,1.2
455,58.3,35.3,1.2
456,58.3,54.0,1.2
457,58.3,64.8,1.2
458,60.0,-81.0,1.2
459,60.0,-75.0,1.2
460,60.0,-64.8,1.2
461,60.0,-60.0,1.2
462,60.0,-54.0,1.2
463,60.0,-45.0,1.2
464,60.0,-35.3,1.2
465,60.0,-30.0,1.2
466,60.0,-25.0,1.2
467,60.0,-17.5,1.2
468,60.0,-15.0,1.2
469,60.0,0.0,1.2
470,60.0,15.0,1.2
471,60.0,17.5,1.2
472,60.0,25.0,1.2
473,60.0,30.0,1.2
474,60.0,35.3,1.2
475,60.0,45.0,1.2
476,60.0,54.0,1.2
477,60.0,60.0,1.2
478,60.0,64.8,1.2
479,60.0,75.0,1.2
480,62.1,-75.0,1.2
481,62.1,-60.0,1.2
482,62.1,-45.0,1.2
483,62.1,-30.0,1.2
484,62.1,-15.0,1.2
485,62.1,0.0,1.2
486,62.1,15.0,1.2
487,62.1,30.0,1.2
488,62.1,45.0,1.2
489,62.1,60.0,1.2
490,62.1,75.0,1.2
491,63.0,-75.0,1.2
492,63.0,-60.0,1.2
493,63.0,-45.0,1.2
494,63.0,-30.0,1.2
495,63.0,-15.0,1.2
496,63.0,0.0,1.2
497,63.0,15.0,1.2
498,63.0,30.0,1.2
499,63.0,45.0,1.2
500,63.0,60.0,1.2
501,63.0,75.0,1.2
502,63.4,-75.0,1.2
503,63.4,-60.0,1.2
504,63.4,-45.0,1.2
505,63.4,-30.0,1.2
506,63.4,-15.0,1.2
507,63.4,0.0,1.2
508,63.4,15.0,1.2
509,63.4,30.0,1.2
510,63.4,45.0,1.2
511,63.4,60.0,1.2
512,63.4,75.0,1.2
513,64.0,-75.0,1.2
514,64.0,-60.0,1.2
515,64.0,-45.0,1.2
516,64.0,-30.0,1.2
517,64.0,-15.0,1.2
518,64.0,0.0,1.2
519,64.0,15.0,1.2
520,64.0,30.0,1.2
521,64.0,45.0,1.2
522,64.0,60.0,1.2
523,64.0,75.0,1.2
524,65.0,-81.0,1.2
525,65.0,-75.0,1.2
526,65.0,-64.8,1.2
527,65.0,-60.0,1.2
528,65.0,-54.0,1.2
529,65.0,-45.0,1.2
530,65.0,-35.3,1.2
531,65.0,-30.0,1.2
532,65.0,-25.0,1.2
533,65.0,-17.5,1.2
534,65.0,-15.0,1.2
535,65.0,0.0,1.2
536,65.0,15.0,1.2
537,65.0,17.5,1.2
538,65.0,25.0,1.2
539,65.0,30.0,1.2
540,65.0,35.3,1.2
541,65.0,45.0,1.2
542,65.0,54.0,1.2
543,65.0,60.0,1.2
544,65.0,64.8,1.2
545,65.0,75.0,1.2
546,65.9,-81.0,1.2
547,65.9,-54.0,1.2
548,65.9,-25.0,1.2
549,65.9,25.0,1.2
550,65.9,54.0,1.2
551,70.0,-81.0,1.2
552,70.0,-75.0,1.2
553,70.0,-64.8,1.2
554,70.0,-60.0,1.2
555,70.0,-54.0,1.2
556,70.0,-45.0,1.2
557,70.0,-35.3,1.2
558,70.0,-30.0,1.2
559,70.0,-25.0,1.2
560,70.0,-17.5,1.2
561,70.0,-15.0,1.2
562,70.0,0.0,1.2
563,70.0,15.0,1.2
564,70.0,17.5,1.2
565,70.0,25.0,1.2
566,70.0,30.0,1.2
567,70.0,35.3,1.2
568,70.0,45.0,1.2
569,70.0,54.0,1.2
570,70.0,60.0,1.2
571,70.0,64.8,1.2
572,70.0,75.0,1.2
573,71.0,-81.0,1.2
574,71.0,-64.8,1.2
575,71.0,-54.0,1.2
576,71.0,-35.3,1.2
577,71.0,-25.0,1.2
578,71.0,-17.5,1.2
579,71.0,17.5,1.2
580,71.0,25.0,1.2
581,71.0,35.3,1.2
582,71.0,54.0,1.2
583,71.0,64.8,1.2
584,71.6,-81.0,1.2
585,71.6,-64.8,1.2
586,71.6,-54.0,1.2
587,71.6,-35.3,1.2
588,71.6,-25.0,1.2
589,71.6,-17.5,1.2
590,71.6,17.5,1.2
591,71.6,25.0,1.2
592,71.6,35.3,1.2
593,71.6,54.0,1.2
594,71.6,64.8,1.2
595,72.0,-81.0,1.2
596,72.0,-54.0,1.2
597,72.0,-25.0,1.2
598,72.0,25.0,1.2
599,72.0,54.0,1.2
600,72.9,-81.0,1.2
601,72.9,-64.8,1.2
602,72.9,-54.0,1.2
603,72.9,-35.3,1.2
604,72.9,-25.0,1.2
605,72.9,-17.5,1.2
606,72.9,17.5,1.2
607,72.9,25.0,1.2
608,72.9,35.3,1.2
609,72.9,54.0,1.2
610,72.9,64.8,1.2
611,75.0,-81.0,1.2
612,75.0,-75.0,1.2
613,75.0,-64.8,1.2
614,75.0,-60.0,1.2
615,75.0,-54.0,1.2
616,75.0,-45.0,1.2
617,75.0,-35.3,1.2
618,75.0,-30.0,1.2
619,75.0,-25.0,1.2
620,75.0,-17.5,1.2
621,75.0,-15.0,1.2
622,75.0,0.0,1.2
623,75.0,15.0,1.2
624,75.0,17.5,1.2
625,75.0,25.0,1.2
626,75.0,30.0,1.2
627,75.0,35.3,1.2
628,75.0,45.0,1.2
629,75.0,54.0,1.2
630,75.0,60.0,1.2
631,75.0,64.8,1.2
632,75.0,75.0,1.2
633,76.7,-81.0,1.2
634,76.7,-75.0,1.2
635,76.7,-60.0,1.2
636,76.7,-54.0,1.2
637,76.7,-45.0,1.2
638,76.7,-30.0,1.2
639,76.7,-25.0,1.2
640,76.7,-15.0,1.2
641,76.7,0.0,1.2
642,76.7,15.0,1.2
643,76.7,25.0,1.2
644,76.7,30.0,1.2
645,76.7,45.0,1.2
646,76.7,54.0,1.2
647,76.7,60.0,1.2
648,76.7,75.0,1.2
649,77.3,-81.0,1.2
650,77.3,-54.0,1.2
651,77.3,-25.0,1.2
652,77.3,25.0,1.2
653,77.3,54.0,1.2
654,77.5,-64.8,1.2
655,77.5,-35.3,1.2
656,77.5,-17.5,1.2
657,77.5,17.5,1.2
658,77.5,35.3,1.2
659,77.5,64.8,1.2
660,80.0,-81.0,1.2
661,80.0,-75.0,1.2
662,80.0,-64.8,1.2
663,80.0,-60.0,1.2
664,80.0,-54.0,1.2
665,80.0,-45.0,1.2
666,80.0,-35.3,1.2
667,80.0,-30.0,1.2
668,80.0,-25.0,1.2
669,80.0,-17.5,1.2
670,80.0,-15.0,1.2
671,80.0,0.0,1.2
672,80.0,15.0,1.2
673,80.0,17.5,1.2
674,80.0,25.0,1.2
675,80.0,30.0,1.2
676,80.0,35.3,1.2
677,80.0,45.0,1.2
678,80.0,54.0,1.2
679,80.0,60.0,1.2
680,80.0,64.8,1.2
681,80.0,75.0,1.2
682,85.0,-81.0,1.2
683,85.0,-75.0,1.2
684,85.0,-64.8,1.2
685,85.0,-60.0,1.2
686,85.0,-54.0,1.2
687,85.0,-45.0,1.2
688,85.0,-35.3,1.2
689,85.0,-30.0,1.2
690,85.0,-25.0,1.2
691,85.0,-17.5,1.2
692,85.0,-15.0,1.2
693,85.0,0.0,1.2
694,85.0,15.0,1.2
695,85.0,17.5,1.2
696,85.0,25.0,1.2
697,85.0,30.0,1.2
698,85.0,35.3,1.2
699,85.0,45.0,1.2
700,85.0,54.0,1.2
701,85.0,60.0,1.2
702,85.0,64.8,1.2
703,85.0,75.0,1.2
704,90.0,-81.0,1.2
705,90.0,-75.0,1.2
706,90.0,-64.8,1.2
707,90.0,-60.0,1.2
708,90.0,-54.0,1.2
709,90.0,-45.0,1.2
710,90.0,-35.3,1.2
711,90.0,-30.0,1.2
712,90.0,-25.0,1.2
713,90.0,-17.5,1.2
714,90.0,-15.0,1.2
715,90.0,0.0,1.2
716,90.0,15.0,1.2
717,90.0,17.5,1.2
718,90.0,25.0,1.2
719,90.0,30.0,1.2
720,90.0,35.3,1.2
721,90.0,45.0,1.2
722,90.0,54.0,1.2
723,90.0,60.0,1.2
724,90.0,64.8,1.2
725,90.0,75.0,1.2
726,95.0,-81.0,1.2
727,95.0,-75.0,1.2
728,95.0,-64.8,1.2
729,95.0,-60.0,1.2
730,95.0,-54.0,1.2
731,95.0,-45.0,1.2
732,95.0,-35.3,1.2
733,95.0,-30.0,1.2
734,95.0,-25.0,1.2
735,95.0,-17.5,1.2
736,95.0,-15.0,1.2
737,95.0,0.0,1.2
738,95.0,15.0,1.2
739,95.0,17.5,1.2
740,95.0,25.0,1.2
741,95.0,30.0,1.2
742,95.0,35.3,1.2
743,95.0,45.0,1.2
744,95.0,54.0,1.2
745,95.0,60.0,1.2
746,95.0,64.8,1.2
747,95.0,75.0,1.2
748,99.0,-75.0,1.2
749,99.0,-60.0,1.2
750,99.0,-45.0,1.2
751,99.0,-30.0,1.2
752,99.0,-15.0,1.2
753,99.0,0.0,1.2
754,99.0,15.0,1.2
755,99.0,30.0,1.2
756,99.0,45.0,1.2
757,99.0,60.0,1.2
758,99.0,75.0,1.2
759,100.0,-81.0,1.2
760,100.0,-75.0,1.2
761,100.0,-64.8,1.2
762,100.0,-60.0,1.2
763,100.0,-54.0,1.2
764,100.0,-45.0,1.2
765,100.0,-35.3,1.2
766,100.0,-30.0,1.2
767,100.0,-25.0,1.2
768,100.0,-17.5,1.2
769,100.0,-15.0,1.2
770,100.0,0.0,1.2
771,100.0,15.0,1.2
772,100.0,17.5,1.2
773,100.0,25.0,1.2
774,100.0,30.0,1.2
775,100.0,35.3,1.2
776,100.0,45.0,1.2
777,100.0,54.0,1.2
778,100.0,60.0,1.2
779,100.0,64.8,1.2
780,100.0,75.0,1.2
781,102.8,-81.0,1.2
782,102.8,-54.0,1.2
783,102.8,-25.0,1.2
784,102.8,25.0,1.2
785,102.8,54.0,1.2
786,102.80000000000001,-64.8,1.2
787,102.80000000000001,-35.3,1.2
788,102.80000000000001,-17.5,1.2
789,102.80000000000001,17.5,1.2
790,102.80000000000001,35.3,1.2
791,102.80000000000001,64.8,1.2
792,103.3,-75.0,1.2
793,103.3,-60.0,1.2
794,103.3,-45.0,1.2
795,103.3,-30.0,1.2
796,103.3,-15.0,1.2
797,103.3,0.0,1.2
798,103.3,15.0,1.2
799,103.3,30.0,1.2
800,103.3,45.0,1.2
801,103.3,60.0,1.2
802,103.3,75.0,1.2
803,103.30000000000001,-64.8,1.2
804,103.30000000000001,-35.3,1.2
805,103.30000000000001,-17.5,1.2
806,103.30000000000001,17.5,1.2
807,103.30000000000001,35.3,1.2
808,103.30000000000001,64.8,1.2
809,105.0,-81.0,1.2
810,105.0,-75.0,1.2
811,105.0,-64.8,1.2
812,105.0,-60.0,1.2
813,105.0,-54.0,1.2
814,105.0,-45.0,1.2
815,105.0,-35.3,1.2
816,105.0,-30.0,1.2
817,105.0,-25.0,1.2
818,105.0,-17.5,1.2
819,105.0,-15.0,1.2
820,105.0,0.0,1.2
821,105.0,15.0,1.2
822,105.0,17.5,1.2
823,105.0,25.0,1.2
824,105.0,30.0,1.2
825,105.0,35.3,1.2
826,105.0,45.0,1.2
827,105.0,54.0,1.2
828,105.0,60.0,1.2
829,105.0,64.8,1.2
830,105.0,75.0,1.2
831,107.1,-81.0,1.2
832,107.1,-64.8,1.2
833,107.1,-54.0,1.2
834,107.1,-35.3,1.2
835,107.1,-25.0,1.2
836,107.1,-17.5,1.2
837,107.1,17.5,1.2
838,107.1,25.0,1.2
839,107.1,35.3,1.2
840,107.1,54.0,1.2
841,107.1,64.8,1.2
842,108.0,-81.0,1.2
843,108.0,-54.0,1.2
844,108.0,-25.0,1.2
845,108.0,25.0,1.2
846,108.0,54.0,1.2
847,108.4,-81.0,1.2
848,108.4,-64.8,1.2
849,108.4,-54.0,1.2
850,108.4,-35.3,1.2
851,108.4,-25.0,1.2
852,108.4,-17.5,1.2
853,108.4,17.5,1.2
854,108.4,25.0,1.2
855,108.4,35.3,1.2
856,108.4,54.0,1.2
857,108.4,64.8,1.2
858,109.0,-81.0,1.2
859,109.0,-64.8,1.2
860,109.0,-54.0,1.2
861,109.0,-35.3,1.2
862,109.0,-25.0,1.2
863,109.0,-17.5,1.2
864,109.0,17.5,1.2
865,109.0,25.0,1.2
866,109.0,35.3,1.2
867,109.0,54.0,1.2
868,109.0,64.8,1.2
869,110.0,-81.0,1.2
870,110.0,-75.0,1.2
871,110.0,-64.8,1.2
872,110.0,-60.0,1.2
873,110.0,-54.0,1.2
874,110.0,-45.0,1.2
875,110.0,-35.3,1.2
876,110.0,-30.0,1.2
877,110.0,-25.0,1.2
878,110.0,-17.5,1.2
879,110.0,-15.0,1.2
880,110.0,0.0,1.2
881,110.0,15.0,1.2
882,110.0,17.5,1.2
883,110.0,25.0,1.2
884,110.0,30.0,1.2
885,110.0,35.3,1.2
886,110.0,45.0,1.2
887,110.0,54.0,1.2
888,110.0,60.0,1.2
889,110.0,64.8,1.2
890,110.0,75.0,1.2
891,114.1,-64.8,1.2
892,114.1,-35.3,1.2
893,114.1,-17.5,1.2
894,114.1,17.5,1.2
895,114.1,35.3,1.2
896,114.1,64.8,1.2
897,115.0,-81.0,1.2
898,115.0,-75.0,1.2
899,115.0,-64.8,1.2
900,115.0,-60.0,1.2
901,115.0,-54.0,1.2
902,115.0,-45.0,1.2
903,115.0,-35.3,1.2
904,115.0,-30.0,1.2
905,115.0,-25.0,1.2
906,115.0,-17.5,1.2
907,115.0,-15.0,1.2
908,115.0,0.0,1.2
909,115.0,15.0,1.2
910,115.0,17.5,1.2
911,115.0,25.0,1.2
912,115.0,30.0,1.2
913,115.0,35.3,1.2
914,115.0,45.0,1.2
915,115.0,54.0,1.2
916,115.0,60.0,1.2
917,115.0,64.8,1.2
918,115.0,75.0,1.2
919,116.0,-75.0,1.2
920,116.0,-60.0,1.2
921,116.0,-45.0,1.2
922,116.0,-30.0,1.2
923,116.0,-15.0,1.2
924,116.0,0.0,1.2
925,116.0,15.0,1.2
926,116.0,30.0,1.2
927,116.0,45.0,1.2
928,116.0,60.0,1.2
929,116.0,75.0,1.2
930,116.6,-75.0,1.2
931,116.6,-60.0,1.2
932,116.6,-45.0,1.2
933,116.6,-30.0,1.2
934,116.6,-15.0,1.2
935,116.6,0.0,1.2
936,116.6,15.0,1.2
937,116.6,30.0,1.2
938,116.6,45.0,1.2
939,116.6,60.0,1.2
940,116.6,75.0,1.2
941,117.9,-75.0,1.2
942,117.9,-60.0,1.2
943,117.9,-45.0,1.2
944,117.9,-30.0,1.2
945,117.9,-15.0,1.2
946,117.9,0.0,1.2
947,117.9,15.0,1.2
948,117.9,30.0,1.2
949,117.9,45.0,1.2
950,117.9,60.0,1.2
951,117.9,75.0,1.2
952,120.0,-81.0,1.2
953,120.0,-75.0,1.2
954,120.0,-64.8,1.2
955,120.0,-60.0,1.2
956,120.0,-54.0,1.2
957,120.0,-45.0,1.2
958,120.0,-35.3,1.2
959,120.0,-30.0,1.2
960,120.0,-25.0,1.2
961,120.0,-17.5,1.2
962,120.0,-15.0,1.2
963,120.0,0.0,1.2
964,120.0,15.0,1.2
965,120.0,17.5,1.2
966,120.0,25.0,1.2
967,120.0,30.0,1.2
968,120.0,35.3,1.2
969,120.0,45.0,1.2
970,120.0,54.0,1.2
971,120.0,60.0,1.2
972,120.0,64.8,1.2
973,120.0,75.0,1.2
974,121.69999999999999,-64.8,1.2
975,121.69999999999999,-35.3,1.2
976,121.69999999999999,-17.5,1.2
977,121.69999999999999,17.5,1.2
978,121.69999999999999,35.3,1.2
979,121.69999999999999,64.8,1.2
980,121.7,-81.0,1.2
981,121.7,-54.0,1.2
982,121.7,-25.0,1.2
983,121.7,25.0,1.2
984,121.7,54.0,1.2
985,122.5,-75.0,1.2
986,122.5,-60.0,1.2
987,122.5,-45.0,1.2
988,122.5,-30.0,1.2
989,122.5,-15.0,1.2
990,122.5,0.0,1.2
991,122.5,15.0,1.2
992,122.5,30.0,1.2
993,122.5,45.0,1.2
994,122.5,60.0,1.2
995,122.5,75.0,1.2
996,125.0,-81.0,1.2
997,125.0,-75.0,1.2
998,125.0,-64.8,1.2
999,125.0,-60.0,1.2
1000,125.0,-54.0,1.2
1001,125.0,-45.0,1.2
1002,125.0,-35.3,1.2
1003,125.0,-30.0,1.2
1004,125.0,-25.0,1.2
1005,125.0,-17.5,1.2
1006,125.0,-15.0,1.2
1007,125.0,0.0,1.2
1008,125.0,15.0,1.2
1009,125.0,17.5,1.2
1010,125.0,25.0,1.2
1011,125.0,30.0,1.2
1012,125.0,35.3,1.2
1013,125.0,45.0,1.2
1014,125.0,54.0,1.2
1015,125.0,60.0,1.2
1016,125.0,64.8,1.2
1017,125.0,75.0,1.2
1018,126.0,-64.8,1.2
1019,126.0,-35.3,1.2
1020,126.0,-17.5,1.2
1021,126.0,17.5,1.2
1022,126.0,35.3,1.2
1023,126.0,64.8,1.2
1024,130.0,-81.0,1.2
1025,130.0,-75.0,1.2
1026,130.0,-64.8,1.2
1027,130.0,-60.0,1.2
1028,130.0,-54.0,1.2
1029,130.0,-45.0,1.2
1030,130.0,-35.3,1.2
1031,130.0,-30.0,1.2
1032,130.0,-25.0,1.2
1033,130.0,-17.5,1.2
1034,130.0,-15.0,1.2
1035,130.0,0.0,1.2
1036,130.0,15.0,1.2
1037,130.0,17.5,1.2
1038,130.0,25.0,1.2
1039,130.0,30.0,1.2
1040,130.0,35.3,1.2
1041,130.0,45.0,1.2
1042,130.0,54.0,1.2
1043,130.0,60.0,1.2
1044,130.0,64.8,1.2
1045,130.0,75.0,1.2
1046,135.0,-81.0,1.2
1047,135.0,-75.0,1.2
1048,135.0,-64.8,1.2
1049,135.0,-60.0,1.2
1050,135.0,-54.0,1.2
1051,135.0,-45.0,1.2
1052,135.0,-35.3,1.2
1053,135.0,-30.0,1.2
1054,135.0,-25.0,1.2
1055,135.0,-17.5,1.2
1056,135.0,-15.0,1.2
1057,135.0,0.0,1.2
1058,135.0,15.0,1.2
1059,135.0,17.5,1.2
1060,135.0,25.0,1.2
1061,135.0,30.0,1.2
1062,135.0,35.3,1.2
1063,135.0,45.0,1.2
1064,135.0,54.0,1.2
1065,135.0,60.0,1.2
1066,135.0,64.8,1.2
1067,135.0,75.0,1.2
1068,140.0,-81.0,1.2
1069,140.0,-75.0,1.2
1070,140.0,-64.8,1.2
1071,140.0,-60.0,1.2
1072,140.0,-54.0,1.2
1073,140.0,-45.0,1.2
1074,140.0,-35.3,1.2
1075,140.0,-30.0,1.2
1076,140.0,-25.0,1.2
1077,140.0,-17.5,1.2
1078,140.0,-15.0,1.2
1079,140.0,0.0,1.2
1080,140.0,15.0,1.2
1081,140.0,17.5,1.2
1082,140.0,25.0,1.2
1083,140.0,30.0,1.2
1084,140.0,35.3,1.2
1085,140.0,45.0,1.2
1086,140.0,54.0,1.2
1087,140.0,60.0,1.2
1088,140.0,64.8,1.2
1089,140.0,75.0,1.2
1090,144.0,-81.0,1.2
1091,144.0,-54.0,1.2
1092,144.0,-25.0,1.2
1093,144.0,25.0,1.2
1094,144.0,54.0,1.2
1095,145.0,-81.0,1.2
1096,145.0,-75.0,1.2
1097,145.0,-64.8,1.2
1098,145.0,-60.0,1.2
1099,145.0,-54.0,1.2
1100,145.0,-45.0,1.2
1101,145.0,-35.3,1.2
1102,145.0,-30.0,1.2
1103,145.0,-25.0,1.2
1104,145.0,-17.5,1.2
1105,145.0,-15.0,1.2
1106,145.0,0.0,1.2
1107,145.0,15.0,1.2
1108,145.0,17.5,1.2
1109,145.0,25.0,1.2
1110,145.0,30.0,1.2
1111,145.0,35.3,1.2
1112,145.0,45.0,1.2
1113,145.0,54.0,1.2
1114,145.0,60.0,1.2
1115,145.0,64.8,1.2
1116,145.0,75.0,1.2
1117,147.8,-75.0,1.2
1118,147.8,-60.0,1.2
1119,147.8,-45.0,1.2
1120,147.8,-30.0,1.2
1121,147.8,-15.0,1.2
1122,147.8,0.0,1.2
1123,147.8,15.0,1.2
1124,147.8,30.0,1.2
1125,147.8,45.0,1.2
1126,147.8,60.0,1.2
1127,147.8,75.0,1.2
1128,148.3,-81.0,1.2
1129,148.3,-75.0,1.2
1130,148.3,-64.8,1.2
1131,148.3,-60.0,1.2
1132,148.3,-54.0,1.2
1133,148.3,-45.0,1.2
1134,148.3,-35.3,1.2
1135,148.3,-30.0,1.2
1136,148.3,-25.0,1.2
1137,148.3,-17.5,1.2
1138,148.3,-15.0,1.2
1139,148.3,0.0,1.2
1140,148.3,15.0,1.2
1141,148.3,17.5,1.2
1142,148.3,25.0,1.2
1143,148.3,30.0,1.2
1144,148.3,35.3,1.2
1145,148.3,45.0,1.2
1146,148.3,54.0,1.2
1147,148.3,60.0,1.2
1148,148.3,64.8,1.2
1149,148.3,75.0,1.2
1150,150.0,-81.0,1.2
1151,150.0,-75.0,1.2
1152,150.0,-64.8,1.2
1153,150.0,-60.0,1.2
1154,150.0,-54.0,1.2
1155,150.0,-45.0,1.2
1156,150.0,-35.3,1.2
1157,150.0,-30.0,1.2
1158,150.0,-25.0,1.2
1159,150.0,-17.5,1.2
1160,150.0,-15.0,1.2
1161,150.0,0.0,1.2
1162,150.0,15.0,1.2
1163,150.0,17.5,1.2
1164,150.0,25.0,1.2
1165,150.0,30.0,1.2
1166,150.0,35.3,1.2
1167,150.0,45.0,1.2
1168,150.0,54.0,1.2
1169,150.0,60.0,1.2
1170,150.0,64.8,1.2
1171,150.0,75.0,1.2
1172,152.1,-75.0,1.2
1173,152.1,-60.0,1.2
1174,152.1,-45.0,1.2
1175,152.1,-30.0,1.2
1176,152.1,-15.0,1.2
1177,152.1,0.0,1.2
1178,152.1,15.0,1.2
1179,152.1,30.0,1.2
1180,152.1,45.0,1.2
1181,152.1,60.0,1.2
1182,152.1,75.0,1.2
1183,153.4,-75.0,1.2
1184,153.4,-60.0,1.2
1185,153.4,-45.0,1.2
1186,153.4,-30.0,1.2
1187,153.4,-15.0,1.2
1188,153.4,0.0,1.2
1189,153.4,15.0,1.2
1190,153.4,30.0,1.2
1191,153.4,45.0,1.2
1192,153.4,60.0,1.2
1193,153.4,75.0,1.2
1194,154.0,-75.0,1.2
1195,154.0,-60.0,1.2
1196,154.0,-45.0,1.2
1197,154.0,-30.0,1.2
1198,154.0,-15.0,1.2
1199,154.0,0.0,1.2
1200,154.0,15.0,1.2
1201,154.0,30.0,1.2
1202,154.0,45.0,1.2
1203,154.0,60.0,1.2
1204,154.0,75.0,1.2
1205,155.0,-81.0,1.2
1206,155.0,-75.0,1.2
1207,155.0,-64.8,1.2
1208,155.0,-60.0,1.2
1209,155.0,-54.0,1.2
1210,155.0,-45.0,1.2
1211,155.0,-35.3,1.2
1212,155.0,-30.0,1.2
1213,155.0,-25.0,1.2
1214,155.0,-17.5,1.2
1215,155.0,-15.0,1.2
1216,155.0,0.0,1.2
1217,155.0,15.0,1.2
1218,155.0,17.5,1.2
1219,155.0,25.0,1.2
1220,155.0,30.0,1.2
1221,155.0,35.3,1.2
1222,155.0,45.0,1.2
1223,155.0,54.0,1.2
1224,155.0,60.0,1.2
1225,155.0,64.8,1.2
1226,155.0,75.0,1.2
1227,155.9,-64.8,1.2
1228,155.9,-35.3,1.2
1229,155.9,-17.5,1.2
1230,155.9,17.5,1.2
1231,155.9,35.3,1.2
1232,155.9,64.8,1.2
1233,159.1,-75.0,1.2
1234,159.1,-60.0,1.2
1235,159.1,-45.0,1.2
1236,159.1,-30.0,1.2
1237,159.1,-15.0,1.2
1238,159.1,0.0,1.2
1239,159.1,15.0,1.2
1240,159.1,30.0,1.2
1241,159.1,45.0,1.2
1242,159.1,60.0,1.2
1243,159.1,75.0,1.2
1244,160.0,-81.0,1.2
1245,160.0,-75.0,1.2
1246,160.0,-64.8,1.2
1247,160.0,-60.0,1.2
1248,160.0,-54.0,1.2
1249,160.0,-45.0,1.2
1250,160.0,-35.3,1.2
1251,160.0,-30.0,1.2
1252,160.0,-25.0,1.2
1253,160.0,-17.5,1.2
1254,160.0,-15.0,1.2
1255,160.0,0.0,1.2
1256,160.0,15.0,1.2
1257,160.0,17.5,1.2
1258,160.0,25.0,1.2
1259,160.0,30.0,1.2
1260,160.0,35.3,1.2
1261,160.0,45.0,1.2
1262,160.0,54.0,1.2
1263,160.0,60.0,1.2
1264,160.0,64.8,1.2
1265,160.0,75.0,1.2
1266,161.0,-81.0,1.2
1267,161.0,-64.8,1.2
1268,161.0,-54.0,1.2
1269,161.0,-35.3,1.2
1270,161.0,-25.0,1.2
1271,161.0,-17.5,1.2
1272,161.0,17.5,1.2
1273,161.0,25.0,1.2
1274,161.0,35.3,1.2
1275,161.0,54.0,1.2
1276,161.0,64.8,1.2
1277,161.6,-81.0,1.2
1278,161.6,-64.8,1.2
1279,161.6,-54.0,1.2
1280,161.6,-35.3,1.2
1281,161.6,-25.0,1.2
1282,161.6,-17.5,1.2
1283,161.6,17.5,1.2
1284,161.6,25.0,1.2
1285,161.6,35.3,1.2
1286,161.6,54.0,1.2
1287,161.6,64.8,1.2
1288,162.0,-64.8,1.2
1289,162.0,-35.3,1.2
1290,162.0,-17.5,1.2
1291,162.0,17.5,1.2
1292,162.0,35.3,1.2
1293,162.0,64.8,1.2
1294,162.9,-81.0,1.2
1295,162.9,-64.8,1.2
1296,162.9,-54.0,1.2
1297,162.9,-35.3,1.2
1298,162.9,-25.0,1.2
1299,162.9,-17.5,1.2
1300,162.9,17.5,1.2
1301,162.9,25.0,1.2
1302,162.9,35.3,1.2
1303,162.9,54.0,1.2
1304,162.9,64.8,1.2
1305,165.0,-81.0,1.2
1306,165.0,-75.0,1.2
1307,165.0,-64.8,1.2
1308,165.0,-60.0,1.2
1309,165.0,-54.0,1.2
1310,165.0,-45.0,1.2
1311,165.0,-35.3,1.2
1312,165.0,-30.0,1.2
1313,165.0,-25.0,1.2
1314,165.0,-17.5,1.2
1315,165.0,-15.0,1.2
1316,165.0,0.0,1.2
1317,165.0,15.0,1.2
1318,165.0,17.5,1.2
1319,165.0,25.0,1.2
1320,165.0,30.0,1.2
1321,165.0,35.3,1.2
1322,165.0,45.0,1.2
1323,165.0,54.0,1.2
1324,165.0,60.0,1.2
1325,165.0,64.8,1.2
1326,165.0,75.0,1.2
1327,166.7,-75.0,1.2
1328,166.7,-64.8,1.2
1329,166.7,-60.0,1.2
1330,166.7,-45.0,1.2
1331,166.7,-35.3,1.2
1332,166.7,-30.0,1.2
1333,166.7,-17.5,1.2
1334,166.7,-15.0,1.2
1335,166.7,0.0,1.2
1336,166.7,15.0,1.2
1337,166.7,17.5,1.2
1338,166.7,30.0,1.2
1339,166.7,35.3,1.2
1340,166.7,45.0,1.2
1341,166.7,60.0,1.2
1342,166.7,64.8,1.2
1343,166.7,75.0,1.2
1344,167.3,-64.8,1.2
1345,167.3,-35.3,1.2
1346,167.3,-17.5,1.2
1347,167.3,17.5,1.2
1348,167.3,35.3,1.2
1349,167.3,64.8,1.2
1350,167.5,-81.0,1.2
1351,167.5,-54.0,1.2
1352,167.5,-25.0,1.2
1353,167.5,25.0,1.2
1354,167.5,54.0,1.2
1355,170.0,-81.0,1.2
1356,170.0,-75.0,1.2
1357,170.0,-64.8,1.2
1358,170.0,-60.0,1.2
1359,170.0,-54.0,1.2
1360,170.0,-45.0,1.2
1361,170.0,-35.3,1.2
1362,170.0,-30.0,1.2
1363,170.0,-25.0,1.2
1364,170.0,-17.5,1.2
1365,170.0,-15.0,1.2
1366,170.0,0.0,1.2
1367,170.0,15.0,1.2
1368,170.0,17.5,1.2
1369,170.0,25.0,1.2
1370,170.0,30.0,1.2
1371,170.0,35.3,1.2
1372,170.0,45.0,1.2
1373,170.0,54.0,1.2
1374,170.0,60.0,1.2
1375,170.0,64.8,1.2
1376,170.0,75.0,1.2
1377,171.0,-75.0,1.2
1378,171.0,-60.0,1.2
1379,171.0,-45.0,1.2
1380,171.0,-30.0,1.2
1381,171.0,-15.0,1.2
1382,171.0,0.0,1.2
1383,171.0,15.0,1.2
1384,171.0,30.0,1.2
1385,171.0,45.0,1.2
1386,171.0,60.0,1.2
1387,171.0,75.0,1.2
1388,175.0,-81.0,1.2
1389,175.0,-75.0,1.2
1390,175.0,-64.8,1.2
1391,175.0,-60.0,1.2
1392,175.0,-54.0,1.2
1393,175.0,-45.0,1.2
1394,175.0,-35.3,1.2
1395,175.0,-30.0,1.2
1396,175.0,-25.0,1.2
1397,175.0,-17.5,1.2
1398,175.0,-15.0,1.2
1399,175.0,0.0,1.2
1400,175.0,15.0,1.2
1401,175.0,17.5,1.2
1402,175.0,25.0,1.2
1403,175.0,30.0,1.2
1404,175.0,35.3,1.2
1405,175.0,45.0,1.2
1406,175.0,54.0,1.2
1407,175.0,60.0,1.2
1408,175.0,64.8,1.2
1409,175.0,75.0,1.2
1410,180.0,-81.0,1.2
1411,180.0,-75.0,1.2
1412,180.0,-64.8,1.2
1413,180.0,-60.0,1.2
1414,180.0,-54.0,1.2
1415,180.0,-45.0,1.2
1416,180.0,-35.3,1.2
1417,180.0,-30.0,1.2
1418,180.0,-25.0,1.2
1419,180.0,-17.5,1.2
1420,180.0,-15.0,1.2
1421,180.0,0.0,1.2
1422,180.0,15.0,1.2
1423,180.0,17.5,1.2
1424,180.0,25.0,1.2
1425,180.0,30.0,1.2
1426,180.0,35.3,1.2
1427,180.0,45.0,1.2
1428,180.0,54.0,1.2
1429,180.0,60.0,1.2
1430,180.0,64.8,1.2
1431,180.0,75.0,1.2
1432,185.0,-81.0,1.2
1433,185.0,-75.0,1.2
1434,185.0,-64.8,1.2
1435,185.0,-60.0,1.2
1436,185.0,-54.0,1.2
1437,185.0,-45.0,1.2
1438,185.0,-35.3,1.2
1439,185.0,-30.0,1.2
1440,185.0,-25.0,1.2
1441,185.0,-17.5,1.2
1442,185.0,-15.0,1.2
1443,185.0,0.0,1.2
1444,185.0,15.0,1.2
1445,185.0,17.5,1.2
1446,185.0,25.0,1.2
1447,185.0,30.0,1.2
1448,185.0,35.3,1.2
1449,185.0,45.0,1.2
1450,185.0,54.0,1.2
1451,185.0,60.0,1.2
1452,185.0,64.8,1.2
1453,185.0,75.0,1.2
1454,190.0,-81.0,1.2
1455,190.0,-75.0,1.2
1456,190.0,-64.8,1.2
1457,190.0,-60.0,1.2
1458,190.0,-54.0,1.2
1459,190.0,-45.0,1.2
1460,190.0,-35.3,1.2
1461,190.0,-30.0,1.2
1462,190.0,-25.0,1.2
1463,190.0,-17.5,1.2
1464,190.0,-15.0,1.2
1465,190.0,0.0,1.2
1466,190.0,15.0,1.2
1467,190.0,17.5,1.2
1468,190.0,25.0,1.2
1469,190.0,30.0,1.2
1470,190.0,35.3,1.2
1471,190.0,45.0,1.2
1472,190.0,54.0,1.2
1473,190.0,60.0,1.2
1474,190.0,64.8,1.2
1475,190.0,75.0,1.2
1476,192.8,-81.0,1.2
1477,192.8,-64.8,1.2
1478,192.8,-54.0,1.2
1479,192.8,-35.3,1.2
1480,192.8,-25.0,1.2
1481,192.8,-17.5,1.2
1482,192.8,17.5,1.2
1483,192.8,25.0,1.2
1484,192.8,35.3,1.2
1485,192.8,54.0,1.2
1486,192.8,64.8,1.2
1487,193.3,-81.0,1.2
1488,193.3,-75.0,1.2
1489,193.3,-60.0,1.2
1490,193.3,-54.0,1.2
1491,193.3,-45.0,1.2
1492,193.3,-30.0,1.2
1493,193.3,-25.0,1.2
1494,193.3,-15.0,1.2
1495,193.3,0.0,1.2
1496,193.3,15.0,1.2
1497,193.3,25.0,1.2
1498,193.3,30.0,1.2
1499,193.3,45.0,1.2
1500,193.3,54.0,1.2
1501,193.3,60.0,1.2
1502,193.3,75.0,1.2
1503,195.0,-81.0,1.2
1504,195.0,-75.0,1.2
1505,195.0,-64.8,1.2
1506,195.0,-60.0,1.2
1507,195.0,-54.0,1.2
1508,195.0,-45.0,1.2
1509,195.0,-35.3,1.2
1510,195.0,-30.0,1.2
1511,195.0,-25.0,1.2
1512,195.0,-17.5,1.2
1513,195.0,-15.0,1.2
1514,195.0,0.0,1.2
1515,195.0,15.0,1.2
1516,195.0,17.5,1.2
1517,195.0,25.0,1.2
1518,195.0,30.0,1.2
1519,195.0,35.3,1.2
1520,195.0,45.0,1.2
1521,195.0,54.0,1.2
1522,195.0,60.0,1.2
1523,195.0,64.8,1.2
1524,195.0,75.0,1.2
1525,197.1,-81.0,1.2
1526,197.1,-64.8,1.2
1527,197.1,-54.0,1.2
1528,197.1,-35.3,1.2
1529,197.1,-25.0,1.2
1530,197.1,-17.5,1.2
1531,197.1,17.5,1.2
1532,197.1,25.0,1.2
1533,197.1,35.3,1.2
1534,197.1,54.0,1.2
1535,197.1,64.8,1.2
1536,198.0,-64.8,1.2
1537,198.0,-35.3,1.2
1538,198.0,-17.5,1.2
1539,198.0,17.5,1.2
1540,198.0,35.3,1.2
1541,198.0,64.8,1.2
1542,198.4,-81.0,1.2
1543,198.4,-64.8,1.2
1544,198.4,-54.0,1.2
1545,198.4,-35.3,1.2
1546,198.4,-25.0,1.2
1547,198.4,-17.5,1.2
1548,198.4,17.5,1.2
1549,198.4,25.0,1.2
1550,198.4,35.3,1.2
1551,198.4,54.0,1.2
1552,198.4,64.8,1.2
1553,199.0,-81.0,1.2
1554,199.0,-64.8,1.2
1555,199.0,-54.0,1.2
1556,199.0,-35.3,1.2
1557,199.0,-25.0,1.2
1558,199.0,-17.5,1.2
1559,199.0,17.5,1.2
1560,199.0,25.0,1.2
1561,199.0,35.3,1.2
1562,199.0,54.0,1.2
1563,199.0,64.8,1.2
1564,200.0,-81.0,1.2
1565,200.0,-75.0,1.2
1566,200.0,-64.8,1.2
1567,200.0,-60.0,1.2
1568,200.0,-54.0,1.2
1569,200.0,-45.0,1.2
1570,200.0,-35.3,1.2
1571,200.0,-30.0,1.2
1572,200.0,-25.0,1.2
1573,200.0,-17.5,1.2
1574,200.0,-15.0,1.2
1575,200.0,0.0,1.2
1576,200.0,15.0,1.2
1577,200.0,17.5,1.2
1578,200.0,25.0,1.2
1579,200.0,30.0,1.2
1580,200.0,35.3,1.2
1581,200.0,45.0,1.2
1582,200.0,54.0,1.2
1583,200.0,60.0,1.2
1584,200.0,64.8,1.2
1585,200.0,75.0,1.2
1586,200.9,-75.0,1.2
1587,200.9,-60.0,1.2
1588,200.9,-45.0,1.2
1589,200.9,-30.0,1.2
1590,200.9,-15.0,1.2
1591,200.9,0.0,1.2
1592,200.9,15.0,1.2
1593,200.9,30.0,1.2
1594,200.9,45.0,1.2
1595,200.9,60.0,1.2
1596,200.9,75.0,1.2
1597,204.1,-81.0,1.2
1598,204.1,-54.0,1.2
1599,204.1,-25.0,1.2
1600,204.1,25.0,1.2
1601,204.1,54.0,1.2
1602,205.0,-81.0,1.2
1603,205.0,-75.0,1.2
1604,205.0,-64.8,1.2
1605,205.0,-60.0,1.2
1606,205.0,-54.0,1.2
1607,205.0,-45.0,1.2
1608,205.0,-35.3,1.2
1609,205.0,-30.0,1.2
1610,205.0,-25.0,1.2
1611,205.0,-17.5,1.2
1612,205.0,-15.0,1.2
1613,205.0,0.0,1.2
1614,205.0,15.0,1.2
1615,205.0,17.5,1.2
1616,205.0,25.0,1.2
1617,205.0,30.0,1.2
1618,205.0,35.3,1.2
1619,205.0,45.0,1.2
1620,205.0,54.0,1.2
1621,205.0,60.0,1.2
1622,205.0,64.8,1.2
1623,205.0,75.0,1.2
1624,206.0,-75.0,1.2
1625,206.0,-60.0,1.2
1626,206.0,-45.0,1.2
1627,206.0,-30.0,1.2
1628,206.0,-15.0,1.2
1629,206.0,0.0,1.2
1630,206.0,15.0,1.2
1631,206.0,30.0,1.2
1632,206.0,45.0,1.2
1633,206.0,60.0,1.2
1634,206.0,75.0,1.2
1635,206.6,-75.0,1.2
1636,206.6,-60.0,1.2
1637,206.6,-45.0,1.2
1638,206.6,-30.0,1.2
1639,206.6,-15.0,1.2
1640,206.6,0.0,1.2
1641,206.6,15.0,1.2
1642,206.6,30.0,1.2
1643,206.6,45.0,1.2
1644,206.6,60.0,1.2
1645,206.6,75.0,1.2
1646,207.0,-75.0,1.2
1647,207.0,-60.0,1.2
1648,207.0,-45.0,1.2
1649,207.0,-30.0,1.2
1650,207.0,-15.0,1.2
1651,207.0,0.0,1.2
1652,207.0,15.0,1.2
1653,207.0,30.0,1.2
1654,207.0,45.0,1.2
1655,207.0,60.0,1.2
1656,207.0,75.0,1.2
1657,207.9,-75.0,1.2
1658,207.9,-60.0,1.2
1659,207.9,-45.0,1.2
1660,207.9,-30.0,1.2
1661,207.9,-15.0,1.2
1662,207.9,0.0,1.2
1663,207.9,15.0,1.2
1664,207.9,30.0,1.2
1665,207.9,45.0,1.2
1666,207.9,60.0,1.2
1667,207.9,75.0,1.2
1668,210.0,-81.0,1.2
1669,210.0,-75.0,1.2
1670,210.0,-64.8,1.2
1671,210.0,-60.0,1.2
1672,210.0,-54.0,1.2
1673,210.0,-45.0,1.2
1674,210.0,-35.3,1.2
1675,210.0,-30.0,1.2
1676,210.0,-25.0,1.2
1677,210.0,-17.5,1.2
1678,210.0,-15.0,1.2
1679,210.0,0.0,1.2
1680,210.0,15.0,1.2
1681,210.0,17.5,1.2
1682,210.0,25.0,1.2
1683,210.0,30.0,1.2
1684,210.0,35.3,1.2
1685,210.0,45.0,1.2
1686,210.0,54.0,1.2
1687,210.0,60.0,1.2
1688,210.0,64.8,1.2
1689,210.0,75.0,1.2
1690,211.7,-81.0,1.2
1691,211.7,-75.0,1.2
1692,211.7,-64.8,1.2
1693,211.7,-60.0,1.2
1694,211.7,-54.0,1.2
1695,211.7,-45.0,1.2
1696,211.7,-35.3,1.2
1697,211.7,-30.0,1.2
1698,211.7,-25.0,1.2
1699,211.7,-17.5,1.2
1700,211.7,-15.0,1.2
1701,211.7,0.0,1.2
1702,211.7,15.0,1.2
1703,211.7,17.5,1.2
1704,211.7,25.0,1.2
1705,211.7,30.0,1.2
1706,211.7,35.3,1.2
1707,211.7,45.0,1.2
1708,211.7,54.0,1.2
1709,211.7,60.0,1.2
1710,211.7,64.8,1.2
1711,211.7,75.0,1.2
1712,212.3,-75.0,1.2
1713,212.3,-60.0,1.2
1714,212.3,-45.0,1.2
1715,212.3,-30.0,1.2
1716,212.3,-15.0,1.2
1717,212.3,0.0,1.2
1718,212.3,15.0,1.2
1719,212.3,30.0,1.2
1720,212.3,45.0,1.2
1721,212.3,60.0,1.2
1722,212.3,75.0,1.2
1723,215.0,-81.0,1.2
1724,215.0,-75.0,1.2
1725,215.0,-64.8,1.2
1726,215.0,-60.0,1.2
1727,215.0,-54.0,1.2
1728,215.0,-45.0,1.2
1729,215.0,-35.3,1.2
1730,215.0,-30.0,1.2
1731,215.0,-25.0,1.2
1732,215.0,-17.5,1.2
1733,215.0,-15.0,1.2
1734,215.0,0.0,1.2
1735,215.0,15.0,1.2
1736,215.0,17.5,1.2
1737,215.0,25.0,1.2
1738,215.0,30.0,1.2
1739,215.0,35.3,1.2
1740,215.0,45.0,1.2
1741,215.0,54.0,1.2
1742,215.0,60.0,1.2
1743,215.0,64.8,1.2
1744,215.0,75.0,1.2
1745,216.0,-81.0,1.2
1746,216.0,-54.0,1.2
1747,216.0,-25.0,1.2
1748,216.0,25.0,1.2
1749,216.0,54.0,1.2
1750,220.0,-81.0,1.2
1751,220.0,-75.0,1.2
1752,220.0,-64.8,1.2
1753,220.0,-60.0,1.2
1754,220.0,-54.0,1.2
1755,220.0,-45.0,1.2
1756,220.0,-35.3,1.2
1757,220.0,-30.0,1.2
1758,220.0,-25.0,1.2
1759,220.0,-17.5,1.2
1760,220.0,-15.0,1.2
1761,220.0,0.0,1.2
1762,220.0,15.0,1.2
1763,220.0,17.5,1.2
1764,220.0,25.0,1.2
1765,220.0,30.0,1.2
1766,220.0,35.3,1.2
1767,220.0,45.0,1.2
1768,220.0,54.0,1.2
1769,220.0,60.0,1.2
1770,220.0,64.8,1.2
1771,220.0,75.0,1.2
1772,225.0,-81.0,1.2
1773,225.0,-75.0,1.2
1774,225.0,-64.8,1.2
1775,225.0,-60.0,1.2
1776,225.0,-54.0,1.2
1777,225.0,-45.0,1.2
1778,225.0,-35.3,1.2
1779,225.0,-30.0,1.2
1780,225.0,-25.0,1.2
1781,225.0,-17.5,1.2
1782,225.0,-15.0,1.2
1783,225.0,0.0,1.2
1784,225.0,15.0,1.2
1785,225.0,17.5,1.2
1786,225.0,25.0,1.2
1787,225.0,30.0,1.2
1788,225.0,35.3,1.2
1789,225.0,45.0,1.2
1790,225.0,54.0,1.2
1791,225.0,60.0,1.2
1792,225.0,64.8,1.2
1793,225.0,75.0,1.2
1794,230.0,-81.0,1.2
1795,230.0,-75.0,1.2
1796,230.0,-64.8,1.2
1797,230.0,-60.0,1.2
1798,230.0,-54.0,1.2
1799,230.0,-45.0,1.2
1800,230.0,-35.3,1.2
1801,230.0,-30.0,1.2
1802,230.0,-25.0,1.2
1803,230.0,-17.5,1.2
1804,230.0,-15.0,1.2
1805,230.0,0.0,1.2
1806,230.0,15.0,1.2
1807,230.0,17.5,1.2
1808,230.0,25.0,1.2
1809,230.0,30.0,1.2
1810,230.0,35.3,1.2
1811,230.0,45.0,1.2
1812,230.0,54.0,1.2
1813,230.0,60.0,1.2
1814,230.0,64.8,1.2
1815,230.0,75.0,1.2
1816,234.0,-64.8,1.2
1817,234.0,-35.3,1.2
1818,234.0,-17.5,1.2
1819,234.0,17.5,1.2
1820,234.0,35.3,1.2
1821,234.0,64.8,1.2
1822,235.0,-81.0,1.2
1823,235.0,-75.0,1.2
1824,235.0,-64.8,1.2
1825,235.0,-60.0,1.2
1826,235.0,-54.0,1.2
1827,235.0,-45.0,1.2
1828,235.0,-35.3,1.2
1829,235.0,-30.0,1.2
1830,235.0,-25.0,1.2
1831,235.0,-17.5,1.2
1832,235.0,-15.0,1.2
1833,235.0,0.0,1.2
1834,235.0,15.0,1.2
1835,235.0,17.5,1.2
1836,235.0,25.0,1.2
1837,235.0,30.0,1.2
1838,235.0,35.3,1.2
1839,235.0,45.0,1.2
1840,235.0,54.0,1.2
1841,235.0,60.0,1.2
1842,235.0,64.8,1.2
1843,235.0,75.0,1.2
1844,237.8,-75.0,1.2
1845,237.8,-60.0,1.2
1846,237.8,-45.0,1.2
1847,237.8,-30.0,1.2
1848,237.8,-15.0,1.2
1849,237.8,0.0,1.2
1850,237.8,15.0,1.2
1851,237.8,30.0,1.2
1852,237.8,45.0,1.2
1853,237.8,60.0,1.2
1854,237.8,75.0,1.2
1855,238.3,-81.0,1.2
1856,238.3,-64.8,1.2
1857,238.3,-54.0,1.2
1858,238.3,-35.3,1.2
1859,238.3,-25.0,1.2
1860,238.3,-17.5,1.2
1861,238.3,17.5,1.2
1862,238.3,25.0,1.2
1863,238.3,35.3,1.2
1864,238.3,54.0,1.2
1865,238.3,64.8,1.2
1866,240.0,-81.0,1.2
1867,240.0,-75.0,1.2
1868,240.0,-64.8,1.2
1869,240.0,-60.0,1.2
1870,240.0,-54.0,1.2
1871,240.0,-45.0,1.2
1872,240.0,-35.3,1.2
1873,240.0,-30.0,1.2
1874,240.0,-25.0,1.2
1875,240.0,-17.5,1.2
1876,240.0,-15.0,1.2
1877,240.0,0.0,1.2
1878,240.0,15.0,1.2
1879,240.0,17.5,1.2
1880,240.0,25.0,1.2
1881,240.0,30.0,1.2
1882,240.0,35.3,1.2
1883,240.0,45.0,1.2
1884,240.0,54.0,1.2
1885,240.0,60.0,1.2
1886,240.0,64.8,1.2
1887,240.0,75.0,1.2
1888,242.1,-75.0,1.2
1889,242.1,-60.0,1.2
1890,242.1,-45.0,1.2
1891,242.1,-30.0,1.2
1892,242.1,-15.0,1.2
1893,242.1,0.0,1.2
1894,242.1,15.0,1.2
1895,242.1,30.0,1.2
1896,242.1,45.0,1.2
1897,242.1,60.0,1.2
1898,242.1,75.0,1.2
1899,243.0,-75.0,1.2
1900,243.0,-60.0,1.2
1901,243.0,-45.0,1.2
1902,243.0,-30.0,1.2
1903,243.0,-15.0,1.2
1904,243.0,0.0,1.2
1905,243.0,15.0,1.2
1906,243.0,30.0,1.2
1907,243.0,45.0,1.2
1908,243.0,60.0,1.2
1909,243.0,75.0,1.2
1910,243.4,-75.0,1.2
1911,243.4,-60.0,1.2
1912,243.4,-45.0,1.2
1913,243.4,-30.0,1.2
1914,243.4,-15.0,1.2
1915,243.4,0.0,1.2
1916,243.4,15.0,1.2
1917,243.4,30.0,1.2
1918,243.4,45.0,1.2
1919,243.4,60.0,1.2
1920,243.4,75.0,1.2
1921,244.0,-75.0,1.2
1922,244.0,-60.0,1.2
1923,244.0,-45.0,1.2
1924,244.0,-30.0,1.2
1925,244.0,-15.0,1.2
1926,244.0,0.0,1.2
1927,244.0,15.0,1.2
1928,244.0,30.0,1.2
1929,244.0,45.0,1.2
1930,244.0,60.0,1.2
1931,244.0,75.0,1.2
1932,245.0,-81.0,1.2
1933,245.0,-75.0,1.2
1934,245.0,-64.8,1.2
1935,245.0,-60.0,1.2
1936,245.0,-54.0,1.2
1937,245.0,-45.0,1.2
1938,245.0,-35.3,1.2
1939,245.0,-30.0,1.2
1940,245.0,-25.0,1.2
1941,245.0,-17.5,1.2
1942,245.0,-15.0,1.2
1943,245.0,0.0,1.2
1944,245.0,15.0,1.2
1945,245.0,17.5,1.2
1946,245.0,25.0,1.2
1947,245.0,30.0,1.2
1948,245.0,35.3,1.2
1949,245.0,45.0,1.2
1950,245.0,54.0,1.2
1951,245.0,60.0,1.2
1952,245.0,64.8,1.2
1953,245.0,75.0,1.2
1954,245.9,-81.0,1.2
1955,245.9,-54.0,1.2
1956,245.9,-25.0,1.2
1957,245.9,25.0,1.2
1958,245.9,54.0,1.2
1959,250.0,-81.0,1.2
1960,250.0,-75.0,1.2
1961,250.0,-64.8,1.2
1962,250.0,-60.0,1.2
1963,250.0,-54.0,1.2
1964,250.0,-45.0,1.2
1965,250.0,-35.3,1.2
1966,250.0,-30.0,1.2
1967,250.0,-25.0,1.2
1968,250.0,-17.5,1.2
1969,250.0,-15.0,1.2
1970,250.0,0.0,1.2
1971,250.0,15.0,1.2
1972,250.0,17.5,1.2
1973,250.0,25.0,1.2
1974,250.0,30.0,1.2
1975,250.0,35.3,1.2
1976,250.0,45.0,1.2
1977,250.0,54.0,1.2
1978,250.0,60.0,1.2
1979,250.0,64.8,1.2
1980,250.0,75.0,1.2
1981,251.0,-81.0,1.2
1982,251.0,-64.8,1.2
1983,251.0,-54.0,1.2
1984,251.0,-35.3,1.2
1985,251.0,-25.0,1.2
1986,251.0,-17.5,1.2
1987,251.0,17.5,1.2
1988,251.0,25.0,1.2
1989,251.0,35.3,1.2
1990,251.0,54.0,1.2
1991,251.0,64.8,1.2
1992,251.6,-81.0,1.2
1993,251.6,-54.0,1.2
1994,251.6,-25.0,1.2
1995,251.6,25.0,1.2
1996,251.6,54.0,1.2
1997,251.60000000000002,-64.8,1.2
1998,251.60000000000002,-35.3,1.2
1999,251.60000000000002,-17.5,1.2
2000,251.60000000000002,17.5,1.2
2001,251.60000000000002,35.3,1.2
2002,251.60000000000002,64.8,1.2
2003,252.0,-81.0,1.2
2004,252.0,-54.0,1.2
2005,252.0,-25.0,1.2
2006,252.0,25.0,1.2
2007,252.0,54.0,1.2
2008,252.89999999999998,-64.8,1.2
2009,252.89999999999998,-35.3,1.2
2010,252.89999999999998,-17.5,1.2
2011,252.89999999999998,17.5,1.2
2012,252.89999999999998,35.3,1.2
2013,252.89999999999998,64.8,1.2
2014,252.9,-81.0,1.2
2015,252.9,-54.0,1.2
2016,252.9,-25.0,1.2
2017,252.9,25.0,1.2
2018,252.9,54.0,1.2
2019,255.0,-81.0,1.2
2020,255.0,-75.0,1.2
2021,255.0,-64.8,1.2
2022,255.0,-60.0,1.2
2023,255.0,-54.0,1.2
2024,255.0,-45.0,1.2
2025,255.0,-35.3,1.2
2026,255.0,-30.0,1.2
2027,255.0,-25.0,1.2
2028,255.0,-17.5,1.2
2029,255.0,-15.0,1.2
2030,255.0,0.0,1.2
2031,255.0,15.0,1.2
2032,255.0,17.5,1.2
2033,255.0,25.0,1.2
2034,255.0,30.0,1.2
2035,255.0,35.3,1.2
2036,255.0,45.0,1.2
2037,255.0,54.0,1.2
2038,255.0,60.0,1.2
2039,255.0,64.8,1.2
2040,255.0,75.0,1.2
2041,256.7,-81.0,1.2
2042,256.7,-75.0,1.2
2043,256.7,-60.0,1.2
2044,256.7,-54.0,1.2
2045,256.7,-45.0,1.2
2046,256.7,-30.0,1.2
2047,256.7,-25.0,1.2
2048,256.7,-15.0,1.2
2049,256.7,0.0,1.2
2050,256.7,15.0,1.2
2051,256.7,25.0,1.2
2052,256.7,30.0,1.2
2053,256.7,45.0,1.2
2054,256.7,54.0,1.2
2055,256.7,60.0,1.2
2056,256.7,75.0,1.2
2057,257.3,-81.0,1.2
2058,257.3,-64.8,1.2
2059,257.3,-54.0,1.2
2060,257.3,-35.3,1.2
2061,257.3,-25.0,1.2
2062,257.3,-17.5,1.2
2063,257.3,17.5,1.2
2064,257.3,25.0,1.2
2065,257.3,35.3,1.2
2066,257.3,54.0,1.2
2067,257.3,64.8,1.2
2068,260.0,-81.0,1.2
2069,260.0,-75.0,1.2
2070,260.0,-64.8,1.2
2071,260.0,-60.0,1.2
2072,260.0,-54.0,1.2
2073,260.0,-45.0,1.2
2074,260.0,-35.3,1.2
2075,260.0,-30.0,1.2
2076,260.0,-25.0,1.2
2077,260.0,-17.5,1.2
2078,260.0,-15.0,1.2
2079,260.0,0.0,1.2
2080,260.0,15.0,1.2
2081,260.0,17.5,1.2
2082,260.0,25.0,1.2
2083,260.0,30.0,1.2
2084,260.0,35.3,1.2
2085,260.0,45.0,1.2
2086,260.0,54.0,1.2
2087,260.0,60.0,1.2
2088,260.0,64.8,1.2
2089,260.0,75.0,1.2
2090,265.0,-81.0,1.2
2091,265.0,-75.0,1.2
2092,265.0,-64.8,1.2
2093,265.0,-60.0,1.2
2094,265.0,-54.0,1.2
2095,265.0,-45.0,1.2
2096,265.0,-35.3,1.2
2097,265.0,-30.0,1.2
2098,265.0,-25.0,1.2
2099,265.0,-17.5,1.2
2100,265.0,-15.0,1.2
2101,265.0,0.0,1.2
2102,265.0,15.0,1.2
2103,265.0,17.5,1.2
2104,265.0,25.0,1.2
2105,265.0,30.0,1.2
2106,265.0,35.3,1.2
2107,265.0,45.0,1.2
2108,265.0,54.0,1.2
2109,265.0,60.0,1.2
2110,265.0,64.8,1.2
2111,265.0,75.0,1.2
2112,270.0,-81.0,1.2
2113,270.0,-75.0,1.2
2114,270.0,-64.8,1.2
2115,270.0,-60.0,1.2
2116,270.0,-54.0,1.2
2117,270.0,-45.0,1.2
2118,270.0,-35.3,1.2
2119,270.0,-30.0,1.2
2120,270.0,-25.0,1.2
2121,270.0,-17.5,1.2
2122,270.0,-15.0,1.2
2123,270.0,0.0,1.2
2124,270.0,15.0,1.2
2125,270.0,17.5,1.2
2126,270.0,25.0,1.2
2127,270.0,30.0,1.2
2128,270.0,35.3,1.2
2129,270.0,45.0,1.2
2130,270.0,54.0,1.2
2131,270.0,60.0,1.2
2132,270.0,64.8,1.2
2133,270.0,75.0,1.2
2134,275.0,-81.0,1.2
2135,275.0,-75.0,1.2
2136,275.0,-64.8,1.2
2137,275.0,-60.0,1.2
2138,275.0,-54.0,1.2
2139,275.0,-45.0,1.2
2140,275.0,-35.3,1.2
2141,275.0,-30.0,1.2
2142,275.0,-25.0,1.2
2143,275.0,-17.5,1.2
2144,275.0,-15.0,1.2
2145,275.0,0.0,1.2
2146,275.0,15.0,1.2
2147,275.0,17.5,1.2
2148,275.0,25.0,1.2
2149,275.0,30.0,1.2
2150,275.0,35.3,1.2
2151,275.0,45.0,1.2
2152,275.0,54.0,1.2
2153,275.0,60.0,1.2
2154,275.0,64.8,1.2
2155,275.0,75.0,1.2
2156,279.0,-75.0,1.2
2157,279.0,-60.0,1.2
2158,279.0,-45.0,1.2
2159,279.0,-30.0,1.2
2160,279.0,-15.0,1.2
2161,279.0,0.0,1.2
2162,279.0,15.0,1.2
2163,279.0,30.0,1.2
2164,279.0,45.0,1.2
2165,279.0,60.0,1.2
2166,279.0,75.0,1.2
2167,280.0,-81.0,1.2
2168,280.0,-75.0,1.2
2169,280.0,-64.8,1.2
2170,280.0,-60.0,1.2
2171,280.0,-54.0,1.2
2172,280.0,-45.0,1.2
2173,280.0,-35.3,1.2
2174,280.0,-30.0,1.2
2175,280.0,-25.0,1.2
2176,280.0,-17.5,1.2
2177,280.0,-15.0,1.2
2178,280.0,0.0,1.2
2179,280.0,15.0,1.2
2180,280.0,17.5,1.2
2181,280.0,25.0,1.2
2182,280.0,30.0,1.2
2183,280.0,35.3,1.2
2184,280.0,45.0,1.2
2185,280.0,54.0,1.2
2186,280.0,60.0,1.2
2187,280.0,64.8,1.2
2188,280.0,75.0,1.2
2189,282.8,-81.0,1.2
2190,282.8,-64.8,1.2
2191,282.8,-54.0,1.2
2192,282.8,-35.3,1.2
2193,282.8,-25.0,1.2
2194,282.8,-17.5,1.2
2195,282.8,17.5,1.2
2196,282.8,25.0,1.2
2197,282.8,35.3,1.2
2198,282.8,54.0,1.2
2199,282.8,64.8,1.2
2200,283.3,-75.0,1.2
2201,283.3,-64.8,1.2
2202,283.3,-60.0,1.2
2203,283.3,-45.0,1.2
2204,283.3,-35.3,1.2
2205,283.3,-30.0,1.2
2206,283.3,-17.5,1.2
2207,283.3,-15.0,1.2
2208,283.3,0.0,1.2
2209,283.3,15.0,1.2
2210,283.3,17.5,1.2
2211,283.3,30.0,1.2
2212,283.3,35.3,1.2
2213,283.3,45.0,1.2
2214,283.3,60.0,1.2
2215,283.3,64.8,1.2
2216,283.3,75.0,1.2
2217,285.0,-81.0,1.2
2218,285.0,-75.0,1.2
2219,285.0,-64.8,1.2
2220,285.0,-60.0,1.2
2221,285.0,-54.0,1.2
2222,285.0,-45.0,1.2
2223,285.0,-35.3,1.2
2224,285.0,-30.0,1.2
2225,285.0,-25.0,1.2
2226,285.0,-17.5,1.2
2227,285.0,-15.0,1.2
2228,285.0,0.0,1.2
2229,285.0,15.0,1.2
2230,285.0,17.5,1.2
2231,285.0,25.0,1.2
2232,285.0,30.0,1.2
2233,285.0,35.3,1.2
2234,285.0,45.0,1.2
2235,285.0,54.0,1.2
2236,285.0,60.0,1.2
2237,285.0,64.8,1.2
2238,285.0,75.0,1.2
2239,287.1,-81.0,1.2
2240,287.1,-64.8,1.2
2241,287.1,-54.0,1.2
2242,287.1,-35.3,1.2
2243,287.1,-25.0,1.2
2244,287.1,-17.5,1.2
2245,287.1,17.5,1.2
2246,287.1,25.0,1.2
2247,287.1,35.3,1.2
2248,287.1,54.0,1.2
2249,287.1,64.8,1.2
2250,288.0,-81.0,1.2
2251,288.0,-54.0,1.2
2252,288.0,-25.0,1.2
2253,288.0,25.0,1.2
2254,288.0,54.0,1.2
2255,288.4,-81.0,1.2
2256,288.4,-64.8,1.2
2257,288.4,-54.0,1.2
2258,288.4,-35.3,1.2
2259,288.4,-25.0,1.2
2260,288.4,-17.5,1.2
2261,288.4,17.5,1.2
2262,288.4,25.0,1.2
2263,288.4,35.3,1.2
2264,288.4,54.0,1.2
2265,288.4,64.8,1.2
2266,289.0,-81.0,1.2
2267,289.0,-64.8,1.2
2268,289.0,-54.0,1.2
2269,289.0,-35.3,1.2
2270,289.0,-25.0,1.2
2271,289.0,-17.5,1.2
2272,289.0,17.5,1.2
2273,289.0,25.0,1.2
2274,289.0,35.3,1.2
2275,289.0,54.0,1.2
2276,289.0,64.8,1.2
2277,290.0,-81.0,1.2
2278,290.0,-75.0,1.2
2279,290.0,-64.8,1.2
2280,290.0,-60.0,1.2
2281,290.0,-54.0,1.2
2282,290.0,-45.0,1.2
2283,290.0,-35.3,1.2
2284,290.0,-30.0,1.2
2285,290.0,-25.0,1.2
2286,290.0,-17.5,1.2
2287,290.0,-15.0,1.2
2288,290.0,0.0,1.2
2289,290.0,15.0,1.2
2290,290.0,17.5,1.2
2291,290.0,25.0,1.2
2292,290.0,30.0,1.2
2293,290.0,35.3,1.2
2294,290.0,45.0,1.2
2295,290.0,54.0,1.2
2296,290.0,60.0,1.2
2297,290.0,64.8,1.2
2298,290.0,75.0,1.2
2299,294.1,-64.8,1.2
2300,294.1,-35.3,1.2
2301,294.1,-17.5,1.2
2302,294.1,17.5,1.2
2303,294.1,35.3,1.2
2304,294.1,64.8,1.2
2305,295.0,-81.0,1.2
2306,295.0,-75.0,1.2
2307,295.0,-64.8,1.2
2308,295.0,-60.0,1.2
2309,295.0,-54.0,1.2
2310,295.0,-45.0,1.2
2311,295.0,-35.3,1.2
2312,295.0,-30.0,1.2
2313,295.0,-25.0,1.2
2314,295.0,-17.5,1.2
2315,295.0,-15.0,1.2
2316,295.0,0.0,1.2
2317,295.0,15.0,1.2
2318,295.0,17.5,1.2
2319,295.0,25.0,1.2
2320,295.0,30.0,1.2
2321,295.0,35.3,1.2
2322,295.0,45.0,1.2
2323,295.0,54.0,1.2
2324,295.0,60.0,1.2
2325,295.0,64.8,1.2
2326,295.0,75.0,1.2
2327,296.0,-75.0,1.2
2328,296.0,-60.0,1.2
2329,296.0,-45.0,1.2
2330,296.0,-30.0,1.2
2331,296.0,-15.0,1.2
2332,296.0,0.0,1.2
2333,296.0,15.0,1.2
2334,296.0,30.0,1.2
2335,296.0,45.0,1.2
2336,296.0,60.0,1.2
2337,296.0,75.0,1.2
2338,296.6,-75.0,1.2
2339,296.6,-60.0,1.2
2340,296.6,-45.0,1.2
2341,296.6,-30.0,1.2
2342,296.6,-15.0,1.2
2343,296.6,0.0,1.2
2344,296.6,15.0,1.2
2345,296.6,30.0,1.2
2346,296.6,45.0,1.2
2347,296.6,60.0,1.2
2348,296.6,75.0,1.2
2349,297.9,-75.0,1.2
2350,297.9,-60.0,1.2
2351,297.9,-45.0,1.2
2352,297.9,-30.0,1.2
2353,297.9,-15.0,1.2
2354,297.9,0.0,1.2
2355,297.9,15.0,1.2
2356,297.9,30.0,1.2
2357,297.9,45.0,1.2
2358,297.9,60.0,1.2
2359,297.9,75.0,1.2
2360,300.0,-81.0,1.2
2361,300.0,-75.0,1.2
2362,300.0,-64.8,1.2
2363,300.0,-60.0,1.2
2364,300.0,-54.0,1.2
2365,300.0,-45.0,1.2
2366,300.0,-35.3,1.2
2367,300.0,-30.0,1.2
2368,300.0,-25.0,1.2
2369,300.0,-17.5,1.2
2370,300.0,-15.0,1.2
2371,300.0,0.0,1.2
2372,300.0,15.0,1.2
2373,300.0,17.5,1.2
2374,300.0,25.0,1.2
2375,300.0,30.0,1.2
2376,300.0,35.3,1.2
2377,300.0,45.0,1.2
2378,300.0,54.0,1.2
2379,300.0,60.0,1.2
2380,300.0,64.8,1.2
2381,300.0,75.0,1.2
2382,301.7,-81.0,1.2
2383,301.7,-64.8,1.2
2384,301.7,-54.0,1.2
2385,301.7,-35.3,1.2
2386,301.7,-25.0,1.2
2387,301.7,-17.5,1.2
2388,301.7,17.5,1.2
2389,301.7,25.0,1.2
2390,301.7,35.3,1.2
2391,301.7,54.0,1.2
2392,301.7,64.8,1.2
2393,302.3,-75.0,1.2
2394,302.3,-60.0,1.2
2395,302.3,-45.0,1.2
2396,302.3,-30.0,1.2
2397,302.3,-15.0,1.2
2398,302.3,0.0,1.2
2399,302.3,15.0,1.2
2400,302.3,30.0,1.2
2401,302.3,45.0,1.2
2402,302.3,60.0,1.2
2403,302.3,75.0,1.2
2404,305.0,-81.0,1.2
2405,305.0,-75.0,1.2
2406,305.0,-64.8,1.2
2407,305.0,-60.0,1.2
2408,305.0,-54.0,1.2
2409,305.0,-45.0,1.2
2410,305.0,-35.3,1.2
2411,305.0,-30.0,1.2
2412,305.0,-25.0,1.2
2413,305.0,-17.5,1.2
2414,305.0,-15.0,1.2
2415,305.0,0.0,1.2
2416,305.0,15.0,1.2
2417,305.0,17.5,1.2
2418,305.0,25.0,1.2
2419,305.0,30.0,1.2
2420,305.0,35.3,1.2
2421,305.0,45.0,1.2
2422,305.0,54.0,1.2
2423,305.0,60.0,1.2
2424,305.0,64.8,1.2
2425,305.0,75.0,1.2
2426,306.0,-64.8,1.2
2427,306.0,-35.3,1.2
2428,306.0,-17.5,1.2
2429,306.0,17.5,1.2
2430,306.0,35.3,1.2
2431,306.0,64.8,1.2
2432,310.0,-81.0,1.2
2433,310.0,-75.0,1.2
2434,310.0,-64.8,1.2
2435,310.0,-60.0,1.2
2436,310.0,-54.0,1.2
2437,310.0,-45.0,1.2
2438,310.0,-35.3,1.2
2439,310.0,-30.0,1.2
2440,310.0,-25.0,1.2
2441,310.0,-17.5,1.2
2442,310.0,-15.0,1.2
2443,310.0,0.0,1.2
2444,310.0,15.0,1.2
2445,310.0,17.5,1.2
2446,310.0,25.0,1.2
2447,310.0,30.0,1.2
2448,310.0,35.3,1.2
2449,310.0,45.0,1.2
2450,310.0,54.0,1.2
2451,310.0,60.0,1.2
2452,310.0,64.8,1.2
2453,310.0,75.0,1.2
2454,315.0,-81.0,1.2
2455,315.0,-75.0,1.2
2456,315.0,-64.8,1.2
2457,315.0,-60.0,1.2
2458,315.0,-54.0,1.2
2459,315.0,-45.0,1.2
2460,315.0,-35.3,1.2
2461,315.0,-30.0,1.2
2462,315.0,-25.0,1.2
2463,315.0,-17.5,1.2
2464,315.0,-15.0,1.2
2465,315.0,0.0,1.2
2466,315.0,15.0,1.2
2467,315.0,17.5,1.2
2468,315.0,25.0,1.2
2469,315.0,30.0,1.2
2470,315.0,35.3,1.2
2471,315.0,45.0,1.2
2472,315.0,54.0,1.2
2473,315.0,60.0,1.2
2474,315.0,64.8,1.2
2475,315.0,75.0,1.2
2476,320.0,-81.0,1.2
2477,320.0,-75.0,1.2
2478,320.0,-64.8,1.2
2479,320.0,-60.0,1.2
2480,320.0,-54.0,1.2
2481,320.0,-45.0,1.2
2482,320.0,-35.3,1.2
2483,320.0,-30.0,1.2
2484,320.0,-25.0,1.2
2485,320.0,-17.5,1.2
2486,320.0,-15.0,1.2
2487,320.0,0.0,1.2
2488,320.0,15.0,1.2
2489,320.0,17.5,1.2
2490,320.0,25.0,1.2
2491,320.0,30.0,1.2
2492,320.0,35.3,1.2
2493,320.0,45.0,1.2
2494,320.0,54.0,1.2
2495,320.0,60.0,1.2
2496,320.0,64.8,1.2
2497,320.0,75.0,1.2
2498,324.0,-81.0,1.2
2499,324.0,-54.0,1.2
2500,324.0,-25.0,1.2
2501,324.0,25.0,1.2
2502,324.0,54.0,1.2
2503,325.0,-81.0,1.2
2504,325.0,-75.0,1.2
2505,325.0,-64.8,1.2
2506,325.0,-60.0,1.2
2507,325.0,-54.0,1.2
2508,325.0,-45.0,1.2
2509,325.0,-35.3,1.2
2510,325.0,-30.0,1.2
2511,325.0,-25.0,1.2
2512,325.0,-17.5,1.2
2513,325.0,-15.0,1.2
2514,325.0,0.0,1.2
2515,325.0,15.0,1.2
2516,325.0,17.5,1.2
2517,325.0,25.0,1.2
2518,325.0,30.0,1.2
2519,325.0,35.3,1.2
2520,325.0,45.0,1.2
2521,325.0,54.0,1.2
2522,325.0,60.0,1.2
2523,325.0,64.8,1.2
2524,325.0,75.0,1.2
2525,327.8,-75.0,1.2
2526,327.8,-60.0,1.2
2527,327.8,-45.0,1.2
2528,327.8,-30.0,1.2
2529,327.8,-15.0,1.2
2530,327.8,0.0,1.2
2531,327.8,15.0,1.2
2532,327.8,30.0,1.2
2533,327.8,45.0,1.2
2534,327.8,60.0,1.2
2535,327.8,75.0,1.2
2536,328.3,-81.0,1.2
2537,328.3,-75.0,1.2
2538,328.3,-64.8,1.2
2539,328.3,-60.0,1.2
2540,328.3,-54.0,1.2
2541,328.3,-45.0,1.2
2542,328.3,-35.3,1.2
2543,328.3,-30.0,1.2
2544,328.3,-25.0,1.2
2545,328.3,-17.5,1.2
2546,328.3,-15.0,1.2
2547,328.3,0.0,1.2
2548,328.3,15.0,1.2
2549,328.3,17.5,1.2
2550,328.3,25.0,1.2
2551,328.3,30.0,1.2
2552,328.3,35.3,1.2
2553,328.3,45.0,1.2
2554,328.3,54.0,1.2
2555,328.3,60.0,1.2
2556,328.3,64.8,1.2
2557,328.3,75.0,1.2
2558,330.0,-81.0,1.2
2559,330.0,-75.0,1.2
2560,330.0,-64.8,1.2
2561,330.0,-60.0,1.2
2562,330.0,-54.0,1.2
2563,330.0,-45.0,1.2
2564,330.0,-35.3,1.2
2565,330.0,-30.0,1.2
2566,330.0,-25.0,1.2
2567,330.0,-17.5,1.2
2568,330.0,-15.0,1.2
2569,330.0,0.0,1.2
2570,330.0,15.0,1.2
2571,330.0,17.5,1.2
2572,330.0,25.0,1.2
2573,330.0,30.0,1.2
2574,330.0,35.3,1.2
2575,330.0,45.0,1.2
2576,330.0,54.0,1.2
2577,330.0,60.0,1.2
2578,330.0,64.8,1.2
2579,330.0,75.0,1.2
2580,332.1,-75.0,1.2
2581,332.1,-60.0,1.2
2582,332.1,-45.0,1.2
2583,332.1,-30.0,1.2
2584,332.1,-15.0,1.2
2585,332.1,0.0,1.2
2586,332.1,15.0,1.2
2587,332.1,30.0,1.2
2588,332.1,45.0,1.2
2589,332.1,60.0,1.2
2590,332.1,75.0,1.2
2591,333.4,-75.0,1.2
2592,333.4,-60.0,1.2
2593,333.4,-45.0,1.2
2594,333.4,-30.0,1.2
2595,333.4,-15.0,1.2
2596,333.4,0.0,1.2
2597,333.4,15.0,1.2
2598,333.4,30.0,1.2
2599,333.4,45.0,1.2
2600,333.4,60.0,1.2
2601,333.4,75.0,1.2
2602,334.0,-75.0,1.2
2603,334.0,-60.0,1.2
2604,334.0,-45.0,1.2
2605,334.0,-30.0,1.2
2606,334.0,-15.0,1.2
2607,334.0,0.0,1.2
2608,334.0,15.0,1.2
2609,334.0,30.0,1.2
2610,334.0,45.0,1.2
2611,334.0,60.0,1.2
2612,334.0,75.0,1.2
2613,335.0,-81.0,1.2
2614,335.0,-75.0,1.2
2615,335.0,-64.8,1.2
2616,335.0,-60.0,1.2
2617,335.0,-54.0,1.2
2618,335.0,-45.0,1.2
2619,335.0,-35.3,1.2
2620,335.0,-30.0,1.2
2621,335.0,-25.0,1.2
2622,335.0,-17.5,1.2
2623,335.0,-15.0,1.2
2624,335.0,0.0,1.2
2625,335.0,15.0,1.2
2626,335.0,17.5,1.2
2627,335.0,25.0,1.2
2628,335.0,30.0,1.2
2629,335.0,35.3,1.2
2630,335.0,45.0,1.2
2631,335.0,54.0,1.2
2632,335.0,60.0,1.2
2633,335.0,64.8,1.2
2634,335.0,75.0,1.2
2635,335.9,-64.8,1.2
2636,335.9,-35.3,1.2
2637,335.9,-17.5,1.2
2638,335.9,17.5,1.2
2639,335.9,35.3,1.2
2640,335.9,64.8,1.2
2641,339.1,-75.0,1.2
2642,339.1,-60.0,1.2
2643,339.1,-45.0,1.2
2644,339.1,-30.0,1.2
2645,339.1,-15.0,1.2
2646,339.1,0.0,1.2
2647,339.1,15.0,1.2
2648,339.1,30.0,1.2
2649,339.1,45.0,1.2
2650,339.1,60.0,1.2
2651,339.1,75.0,1.2
2652,340.0,-81.0,1.2
2653,340.0,-75.0,1.2
2654,340.0,-64.8,1.2
2655,340.0,-60.0,1.2
2656,340.0,-54.0,1.2
2657,340.0,-45.0,1.2
2658,340.0,-35.3,1.2
2659,340.0,-30.0,1.2
2660,340.0,-25.0,1.2
2661,340.0,-17.5,1.2
2662,340.0,-15.0,1.2
2663,340.0,0.0,1.2
2664,340.0,15.0,1.2
2665,340.0,17.5,1.2
2666,340.0,25.0,1.2
2667,340.0,30.0,1.2
2668,340.0,35.3,1.2
2669,340.0,45.0,1.2
2670,340.0,54.0,1.2
2671,340.0,60.0,1.2
2672,340.0,64.8,1.2
2673,340.0,75.0,1.2
2674,341.0,-81.0,1.2
2675,341.0,-64.8,1.2
2676,341.0,-54.0,1.2
2677,341.0,-35.3,1.2
2678,341.0,-25.0,1.2
2679,341.0,-17.5,1.2
2680,341.0,17.5,1.2
2681,341.0,25.0,1.2
2682,341.0,35.3,1.2
2683,341.0,54.0,1.2
2684,341.0,64.8,1.2
2685,341.6,-81.0,1.2
2686,341.6,-64.8,1.2
2687,341.6,-54.0,1.2
2688,341.6,-35.3,1.2
2689,341.6,-25.0,1.2
2690,341.6,-17.5,1.2
2691,341.6,17.5,1.2
2692,341.6,25.0,1.2
2693,341.6,35.3,1.2
2694,341.6,54.0,1.2
2695,341.6,64.8,1.2
2696,342.0,-64.8,1.2
2697,342.0,-35.3,1.2
2698,342.0,-17.5,1.2
2699,342.0,17.5,1.2
2700,342.0,35.3,1.2
2701,342.0,64.8,1.2
2702,342.9,-81.0,1.2
2703,342.9,-64.8,1.2
2704,342.9,-54.0,1.2
2705,342.9,-35.3,1.2
2706,342.9,-25.0,1.2
2707,342.9,-17.5,1.2
2708,342.9,17.5,1.2
2709,342.9,25.0,1.2
2710,342.9,35.3,1.2
2711,342.9,54.0,1.2
2712,342.9,64.8,1.2
2713,345.0,-81.0,1.2
2714,345.0,-75.0,1.2
2715,345.0,-64.8,1.2
2716,345.0,-60.0,1.2
2717,345.0,-54.0,1.2
2718,345.0,-45.0,1.2
2719,345.0,-35.3,1.2
2720,345.0,-30.0,1.2
2721,345.0,-25.0,1.2
2722,345.0,-17.5,1.2
2723,345.0,-15.0,1.2
2724,345.0,0.0,1.2
2725,345.0,15.0,1.2
2726,345.0,17.5,1.2
2727,345.0,25.0,1.2
2728,345.0,30.0,1.2
2729,345.0,35.3,1.2
2730,345.0,45.0,1.2
2731,345.0,54.0,1.2
2732,345.0,60.0,1.2
2733,345.0,64.8,1.2
2734,345.0,75.0,1.2
2735,346.7,-75.0,1.2
2736,346.7,-64.8,1.2
2737,346.7,-60.0,1.2
2738,346.7,-45.0,1.2
2739,346.7,-35.3,1.2
2740,346.7,-30.0,1.2
2741,346.7,-17.5,1.2
2742,346.7,-15.0,1.2
2743,346.7,0.0,1.2
2744,346.7,15.0,1.2
2745,346.7,17.5,1.2
2746,346.7,30.0,1.2
2747,346.7,35.3,1.2
2748,346.7,45.0,1.2
2749,346.7,60.0,1.2
2750,346.7,64.8,1.2
2751,346.7,75.0,1.2
2752,347.3,-81.0,1.2
2753,347.3,-64.8,1.2
2754,347.3,-54.0,1.2
2755,347.3,-35.3,1.2
2756,347.3,-25.0,1.2
2757,347.3,-17.5,1.2
2758,347.3,17.5,1.2
2759,347.3,25.0,1.2
2760,347.3,35.3,1.2
2761,347.3,54.0,1.2
2762,347.3,64.8,1.2
2763,350.0,-81.0,1.2
2764,350.0,-75.0,1.2
2765,350.0,-64.8,1.2
2766,350.0,-60.0,1.2
2767,350.0,-54.0,1.2
2768,350.0,-45.0,1.2
2769,350.0,-35.3,1.2
2770,350.0,-30.0,1.2
2771,350.0,-25.0,1.2
2772,350.0,-17.5,1.2
2773,350.0,-15.0,1.2
2774,350.0,0.0,1.2
2775,350.0,15.0,1.2
2776,350.0,17.5,1.2
2777,350.0,25.0,1.2
2778,350.0,30.0,1.2
2779,350.0,35.3,1.2
2780,350.0,45.0,1.2
2781,350.0,54.0,1.2
2782,350.0,60.0,1.2
2783,350.0,64.8,1.2
2784,350.0,75.0,1.2
2785,351.0,-75.0,1.2
2786,351.0,-60.0,1.2
2787,351.0,-45.0,1.2
2788,351.0,-30.0,1.2
2789,351.0,-15.0,1.2
2790,351.0,0.0,1.2
2791,351.0,15.0,1.2
2792,351.0,30.0,1.2
2793,351.0,45.0,1.2
2794,351.0,60.0,1.2
2795,351.0,75.0,1.2
2796,355.0,-81.0,1.2
2797,355.0,-75.0,1.2
2798,355.0,-64.8,1.2
2799,355.0,-60.0,1.2
2800,355.0,-54.0,1.2
2801,355.0,-45.0,1.2
2802,355.0,-35.3,1.2
2803,355.0,-30.0,1.2
2804,355.0,-25.0,1.2
2805,355.0,-17.5,1.2
2806,355.0,-15.0,1.2
2807,355.0,0.0,1.2
2808,355.0,15.0,1.2
2809,355.0,17.5,1.2
2810,355.0,25.0,1.2
2811,355.0,30.0,1.2
2812,355.0,35.3,1.2
2813,355.0,45.0,1.2
2814,355.0,54.0,1.2
2815,355.0,60.0,1.2
2816,355.0,64.8,1.2
2817,355.0,75.0,1.2
